open-file-time,pb-size,read-data-time,wrkr-num-objs,mean-obj-time,num-dsets,mean-dset-time,worker#,num-workers,file,obj-type,tot-num-obj,gather-time,tot-runtime,pb-meta-accesses,pb-meta-hitrate,pb-meta-evicts,pb-raw-accesses,pb-raw-hitrate,pb-raw-evicts
0.0007544259999576752,0,83.59685052000009,62,1.3483362987096787,62405,0.001339585778703631,0,1,../data/shot500_sig70.hdf5,signals,62,8.736334604000149,84.00779771799989,,,,,,
0.0008111859999644366,0,85.03959427099994,62,1.3716063592096766,62405,0.0013627048196618852,0,1,../data/shot500_sig70_reorder.hdf5,signals,62,8.85125245800009,85.40953030100013,,,,,,
0.0007687780000651401,0,66.54681582499984,500,0.13309363164999968,62405,0.0010663699355019604,0,1,../data/shot500_sig70.hdf5,shots,500,8.646068046999972,66.69360907400005,,,,,,
0.0006669370000054187,0,64.58413644899997,500,0.12916827289799995,62405,0.0010349192604598985,0,1,../data/shot500_sig70_reorder.hdf5,shots,500,8.62337962100014,64.69794898999999,,,,,,
0.0006964859999243345,0,31.76799389200005,32,0.9927498091250015,32350,0.0009820090847604344,0,2,../data/shot500_sig70.hdf5,signals,62,8.460464343000012,35.64476359599985,,,,,,
0.0007449520001046039,0,35.45250848899991,30,1.1817502829666637,30055,0.0011795877055065683,1,2,../data/shot500_sig70.hdf5,signals,62,8.460464343000012,35.64476359599985,,,,,,
0.0007273179999174317,0,44.54608908399996,32,1.3920652838749987,33442,0.0013320402213982405,0,2,../data/shot500_sig70_reorder.hdf5,signals,62,8.480885042999944,44.744219349000105,,,,,,
0.0007800189998761198,0,21.26600158699989,30,0.708866719566663,28963,0.0007342471977005107,1,2,../data/shot500_sig70_reorder.hdf5,signals,62,8.480885042999944,44.744219349000105,,,,,,
0.0007692959998166771,0,32.82661121299998,251,0.1307833116055776,31351,0.0010470674368600675,0,2,../data/shot500_sig70.hdf5,shots,500,8.440367345999903,32.94830881500002,,,,,,
0.0006471719998444314,0,32.093250302000115,249,0.12888855542971933,31054,0.0010334659078379633,1,2,../data/shot500_sig70.hdf5,shots,500,8.440367345999903,32.94830881500002,,,,,,
0.0006964880001305573,0,32.22085032799987,251,0.12836992162549749,31354,0.001027647200612358,0,2,../data/shot500_sig70_reorder.hdf5,shots,500,8.495194658000173,32.32505748900007,,,,,,
0.0007123249999949621,0,31.622817482000073,249,0.12699926699598424,31051,0.0010184154288750788,1,2,../data/shot500_sig70_reorder.hdf5,shots,500,8.495194658000173,32.32505748900007,,,,,,
0.0007284370001343632,0,22.34590658100001,16,1.3966191613125005,16947,0.0013185759474243235,0,4,../data/shot500_sig70.hdf5,signals,62,8.494870365999986,23.58460009999999,,,,,,
0.0006620770000154153,0,10.300097166999876,16,0.6437560729374923,15034,0.0006851202053345667,1,4,../data/shot500_sig70.hdf5,signals,62,8.494870365999986,23.58460009999999,,,,,,
0.0006948830000510497,0,23.39526808000005,16,1.4622042550000032,17000,0.001376192240000003,2,4,../data/shot500_sig70.hdf5,signals,62,8.494870365999986,23.58460009999999,,,,,,
0.0006306420000328217,0,10.883423776999962,14,0.7773874126428544,13424,0.0008107437259386145,3,4,../data/shot500_sig70.hdf5,signals,62,8.494870365999986,23.58460009999999,,,,,,
0.000598731000081898,0,21.672702299999855,16,1.354543893749991,16996,0.0012751648799717496,0,4,../data/shot500_sig70_reorder.hdf5,signals,62,8.528804987000058,24.60656099799985,,,,,,
0.0006886129999656987,0,4.496944855000038,16,0.28105905343750237,14136,0.0003181200378466354,1,4,../data/shot500_sig70_reorder.hdf5,signals,62,8.528804987000058,24.60656099799985,,,,,,
0.0006393490000391466,0,16.54310392100001,16,1.0339439950625007,15822,0.0010455760283782083,2,4,../data/shot500_sig70_reorder.hdf5,signals,62,8.528804987000058,24.60656099799985,,,,,,
0.0005505990000074235,0,24.392019792999918,14,1.7422871280714227,15451,0.001578669328392979,3,4,../data/shot500_sig70_reorder.hdf5,signals,62,8.528804987000058,24.60656099799985,,,,,,
0.0007521999998516549,0,16.82446829200012,126,0.13352752612698507,15739,0.0010689667889954965,0,4,../data/shot500_sig70.hdf5,shots,500,8.577214921000177,16.910447480999892,,,,,,
0.0006616000000576605,0,16.734764703999872,126,0.13281559288888786,15726,0.00106414629937682,1,4,../data/shot500_sig70.hdf5,shots,500,8.577214921000177,16.910447480999892,,,,,,
0.000644074999854638,0,16.56279203200006,126,0.1314507304126989,15711,0.0010542162836229432,2,4,../data/shot500_sig70.hdf5,shots,500,8.577214921000177,16.910447480999892,,,,,,
0.0007370619998710026,0,16.321074243000112,122,0.1337792970737714,15229,0.0010717101742071123,3,4,../data/shot500_sig70.hdf5,shots,500,8.577214921000177,16.910447480999892,,,,,,
0.0006622430000788881,0,16.580871634000232,126,0.13159421931746215,15716,0.0010550312823873907,0,4,../data/shot500_sig70_reorder.hdf5,shots,500,8.509926845000336,17.019411712999954,,,,,,
0.0006529180000143242,0,16.90737047699986,126,0.13418547997618935,15759,0.0010728707707976304,1,4,../data/shot500_sig70_reorder.hdf5,shots,500,8.509926845000336,17.019411712999954,,,,,,
0.0006529530000989325,0,16.822420129999955,126,0.1335112708730155,15701,0.0010714234844914309,2,4,../data/shot500_sig70_reorder.hdf5,shots,500,8.509926845000336,17.019411712999954,,,,,,
0.0006103280002207612,0,16.331674829999884,122,0.1338661871311466,15229,0.0010724062532011217,3,4,../data/shot500_sig70_reorder.hdf5,shots,500,8.509926845000336,17.019411712999954,,,,,,
0.0006446369998229784,0,7.876251136000064,8,0.984531392000008,7895,0.000997625223052573,0,8,../data/shot500_sig70.hdf5,signals,62,8.496100276000107,35.52746077199981,,,,,,
0.0006446150000556372,0,3.1813308210003015,8,0.3976663526250377,7996,0.00039786528526767153,1,8,../data/shot500_sig70.hdf5,signals,62,8.496100276000107,35.52746077199981,,,,,,
0.0006408250001186389,0,2.530144754000048,8,0.316268094250006,8500,0.000297664088705888,2,8,../data/shot500_sig70.hdf5,signals,62,8.496100276000107,35.52746077199981,,,,,,
0.0005541790001188929,0,9.071493293000003,8,1.1339366616250004,7430,0.0012209277648721404,3,8,../data/shot500_sig70.hdf5,signals,62,8.496100276000107,35.52746077199981,,,,,,
0.0006265820002226974,0,2.7884603140000763,8,0.34855753925000954,8000,0.00034855753925000954,4,8,../data/shot500_sig70.hdf5,signals,62,8.496100276000107,35.52746077199981,,,,,,
0.0005511260001185292,0,5.172829818000082,8,0.6466037272500103,8455,0.0006118071931401635,5,8,../data/shot500_sig70.hdf5,signals,62,8.496100276000107,35.52746077199981,,,,,,
0.0006665420000899758,0,3.2159239320003508,8,0.40199049150004385,7142,0.00045028338448618746,6,8,../data/shot500_sig70.hdf5,signals,62,8.496100276000107,35.52746077199981,,,,,,
0.0005331229999683273,0,35.373183825999604,6,5.8955306376666,6987,0.005062714158580164,7,8,../data/shot500_sig70.hdf5,signals,62,8.496100276000107,35.52746077199981,,,,,,
0.0006525119997604634,0,19.170616295999935,8,2.396327036999992,6638,0.0028880108912322892,0,8,../data/shot500_sig70_reorder.hdf5,signals,62,8.530636985000001,19.478731868000068,,,,,,
0.000728031000107876,0,3.17559239000002,8,0.3969490487500025,7500,0.0004234123186666693,1,8,../data/shot500_sig70_reorder.hdf5,signals,62,8.530636985000001,19.478731868000068,,,,,,
0.0006104709996179736,0,9.183106177000354,8,1.1478882721250443,7428,0.0012362824686322502,2,8,../data/shot500_sig70_reorder.hdf5,signals,62,8.530636985000001,19.478731868000068,,,,,,
0.0006280839997998555,0,8.07277216500006,8,1.0090965206250075,8401,0.0009609299089394192,3,8,../data/shot500_sig70_reorder.hdf5,signals,62,8.530636985000001,19.478731868000068,,,,,,
0.0006121199999142846,0,2.359846566000215,8,0.29498082075002685,8955,0.0002635227879397225,4,8,../data/shot500_sig70_reorder.hdf5,signals,62,8.530636985000001,19.478731868000068,,,,,,
0.0006640420001531311,0,19.329839292000088,8,2.416229911500011,8498,0.002274633948223122,5,8,../data/shot500_sig70_reorder.hdf5,signals,62,8.530636985000001,19.478731868000068,,,,,,
0.000663121999878058,0,4.880481536999923,8,0.6100601921249904,8994,0.0005426374846564291,6,8,../data/shot500_sig70_reorder.hdf5,signals,62,8.530636985000001,19.478731868000068,,,,,,
0.0005438500002128421,0,1.8957046099999388,6,0.31595076833332314,5991,0.0003164254064429876,7,8,../data/shot500_sig70_reorder.hdf5,signals,62,8.530636985000001,19.478731868000068,,,,,,
0.0006777879998480785,0,8.528359286000068,63,0.13537078231746139,7856,0.0010855854488289293,0,8,../data/shot500_sig70.hdf5,shots,500,8.453719818000081,9.069876998999916,,,,,,
0.0006387339999491815,0,8.567358555999817,63,0.13598981834920346,7864,0.0010894403046795291,1,8,../data/shot500_sig70.hdf5,shots,500,8.453719818000081,9.069876998999916,,,,,,
0.0006265110000640561,0,8.630914139000197,63,0.13699863712698726,7864,0.001097522143819964,2,8,../data/shot500_sig70.hdf5,shots,500,8.453719818000081,9.069876998999916,,,,,,
0.0006464519997280149,0,8.754938518000017,63,0.13896727806349235,7880,0.001111032806852794,3,8,../data/shot500_sig70.hdf5,shots,500,8.453719818000081,9.069876998999916,,,,,,
0.0006783230001019547,0,8.64640927399978,63,0.13724459165079014,7848,0.0011017341072884531,4,8,../data/shot500_sig70.hdf5,shots,500,8.453719818000081,9.069876998999916,,,,,,
0.000587638000070001,0,8.916850756000258,63,0.14153731358730567,7873,0.0011325861496253344,5,8,../data/shot500_sig70.hdf5,shots,500,8.453719818000081,9.069876998999916,,,,,,
0.002643067000008159,0,8.717498785999851,63,0.13837299660317223,7860,0.001109096537659014,6,8,../data/shot500_sig70.hdf5,shots,500,8.453719818000081,9.069876998999916,,,,,,
0.0005307199999151635,0,8.152690923000137,59,0.13818120208474807,7360,0.0011077025710598011,7,8,../data/shot500_sig70.hdf5,shots,500,8.453719818000081,9.069876998999916,,,,,,
0.0020613670003513107,0,8.694714164999823,63,0.13801133595237813,7869,0.001104932540983584,0,8,../data/shot500_sig70_reorder.hdf5,shots,500,8.438105667999935,9.03235070699975,,,,,,
0.0006218569997145096,0,8.91329518800012,63,0.1414808760000019,7879,0.0011312723934509608,1,8,../data/shot500_sig70_reorder.hdf5,shots,500,8.438105667999935,9.03235070699975,,,,,,
0.0005316379997566401,0,8.714770859000055,63,0.13832969617460406,7874,0.0011067781126492323,2,8,../data/shot500_sig70_reorder.hdf5,shots,500,8.438105667999935,9.03235070699975,,,,,,
0.0006150240001261409,0,8.73002221500019,63,0.13857178119047922,7850,0.0011121047407643555,3,8,../data/shot500_sig70_reorder.hdf5,shots,500,8.438105667999935,9.03235070699975,,,,,,
0.0022425590000239026,0,8.700994428000286,63,0.1381110226666712,7848,0.0011086894021407091,4,8,../data/shot500_sig70_reorder.hdf5,shots,500,8.438105667999935,9.03235070699975,,,,,,
0.0007699569996475475,0,8.89489648200015,63,0.14118883304762142,7849,0.0011332521954389285,5,8,../data/shot500_sig70_reorder.hdf5,shots,500,8.438105667999935,9.03235070699975,,,,,,
0.0004928360003759735,0,8.652212835000228,63,0.13733671166667027,7861,0.0011006504051647662,6,8,../data/shot500_sig70_reorder.hdf5,shots,500,8.438105667999935,9.03235070699975,,,,,,
0.0006235430000742781,0,8.545270798999809,59,0.14483509828813235,7375,0.0011586807863050589,7,8,../data/shot500_sig70_reorder.hdf5,shots,500,8.438105667999935,9.03235070699975,,,,,,
0.0006296020001173019,0,2.0026357689998804,4,0.5006589422499701,4000,0.0005006589422499701,0,16,../data/shot500_sig70.hdf5,signals,62,8.541503037999973,19.2662231219997,,,,,,
0.000637315999938437,0,1.6950445900001796,4,0.4237611475000449,4500,0.0003766765755555955,1,16,../data/shot500_sig70.hdf5,signals,62,8.541503037999973,19.2662231219997,,,,,,
0.0006404160003512516,0,9.521089618999667,4,2.380272404749917,4401,0.0021633923242444144,2,16,../data/shot500_sig70.hdf5,signals,62,8.541503037999973,19.2662231219997,,,,,,
0.0007256889998643601,0,1.9696405160002541,4,0.49241012900006353,3998,0.0004926564572286778,3,16,../data/shot500_sig70.hdf5,signals,62,8.541503037999973,19.2662231219997,,,,,,
0.0006139269999039243,0,19.00554915099974,4,4.751387287749935,4994,0.003805676642170553,4,16,../data/shot500_sig70.hdf5,signals,62,8.541503037999973,19.2662231219997,,,,,,
0.0006030469999132038,0,19.145523832000436,4,4.786380958000109,3996,0.004791172130130239,5,16,../data/shot500_sig70.hdf5,signals,62,8.541503037999973,19.2662231219997,,,,,,
0.0006589469999198627,0,1.7857378480002808,4,0.4464344620000702,4500,0.0003968306328889513,6,16,../data/shot500_sig70.hdf5,signals,62,8.541503037999973,19.2662231219997,,,,,,
0.000716753999768116,0,8.366243666999708,4,2.091560916749927,3930,0.002128815182442674,7,16,../data/shot500_sig70.hdf5,signals,62,8.541503037999973,19.2662231219997,,,,,,
0.0006921750000401516,0,1.648110471000109,4,0.4120276177500273,3955,0.0004167156690265763,8,16,../data/shot500_sig70.hdf5,signals,62,8.541503037999973,19.2662231219997,,,,,,
0.0009021650002978276,0,1.5440206329999455,4,0.3860051582499864,3500,0.0004411487522856987,9,16,../data/shot500_sig70.hdf5,signals,62,8.541503037999973,19.2662231219997,,,,,,
0.0006506589998025447,0,1.4728391730000112,4,0.3682097932500028,3500,0.0004208111922857175,10,16,../data/shot500_sig70.hdf5,signals,62,8.541503037999973,19.2662231219997,,,,,,
0.0005562679998547537,0,1.8847393910000392,4,0.4711848477500098,3500,0.0005384969688571541,11,16,../data/shot500_sig70.hdf5,signals,62,8.541503037999973,19.2662231219997,,,,,,
0.0008100099998955557,0,2.4255306949999067,4,0.6063826737499767,4498,0.0005392464862160753,12,16,../data/shot500_sig70.hdf5,signals,62,8.541503037999973,19.2662231219997,,,,,,
0.0008080249999693478,0,2.685701230000177,4,0.6714253075000443,3500,0.0007673432085714792,13,16,../data/shot500_sig70.hdf5,signals,62,8.541503037999973,19.2662231219997,,,,,,
0.0016237640002145781,0,1.7158683070001644,4,0.4289670767500411,3633,0.00047230066253789275,14,16,../data/shot500_sig70.hdf5,signals,62,8.541503037999973,19.2662231219997,,,,,,
0.0014682609998999396,0,0.8105932809999103,2,0.4052966404999552,2000,0.0004052966404999552,15,16,../data/shot500_sig70.hdf5,signals,62,8.541503037999973,19.2662231219997,,,,,,
0.0006337780000649218,0,1.5873198879999109,4,0.3968299719999777,2642,0.0006008023800151063,0,16,../data/shot500_sig70_reorder.hdf5,signals,62,8.45190315500031,25.53886139799988,,,,,,
0.0006251019999581331,0,1.8401384059998236,4,0.4600346014999559,3500,0.0005257538302856639,1,16,../data/shot500_sig70_reorder.hdf5,signals,62,8.45190315500031,25.53886139799988,,,,,,
0.0005415780001385428,0,25.444938610999998,4,6.361234652749999,3930,0.006474539086768447,2,16,../data/shot500_sig70_reorder.hdf5,signals,62,8.45190315500031,25.53886139799988,,,,,,
0.0006370840001181932,0,1.52816440100014,4,0.382041100250035,4000,0.000382041100250035,3,16,../data/shot500_sig70_reorder.hdf5,signals,62,8.45190315500031,25.53886139799988,,,,,,
0.0006412929997168249,0,6.883258969000053,4,1.7208147422500133,4401,0.0015640215789593395,4,16,../data/shot500_sig70_reorder.hdf5,signals,62,8.45190315500031,25.53886139799988,,,,,,
0.0006917910000083793,0,2.5205699719999757,4,0.6301424929999939,4500,0.000560126660444439,5,16,../data/shot500_sig70_reorder.hdf5,signals,62,8.45190315500031,25.53886139799988,,,,,,
0.0007052060000205529,0,1.4878169339999658,4,0.37195423349999146,4000,0.00037195423349999145,6,16,../data/shot500_sig70_reorder.hdf5,signals,62,8.45190315500031,25.53886139799988,,,,,,
0.0008136159999594383,0,1.5103818229999888,4,0.3775954557499972,4000,0.0003775954557499972,7,16,../data/shot500_sig70_reorder.hdf5,signals,62,8.45190315500031,25.53886139799988,,,,,,
0.0008124380001390819,0,4.085715618999984,4,1.021428904749996,4955,0.0008245642016145276,8,16,../data/shot500_sig70_reorder.hdf5,signals,62,8.45190315500031,25.53886139799988,,,,,,
0.0008046279999689432,0,18.89978853499997,4,4.724947133749993,3990,0.004736789106516284,9,16,../data/shot500_sig70_reorder.hdf5,signals,62,8.45190315500031,25.53886139799988,,,,,,
0.0007911249999779102,0,2.1348277910001343,4,0.5337069477500336,4489,0.0004755686769882233,10,16,../data/shot500_sig70_reorder.hdf5,signals,62,8.45190315500031,25.53886139799988,,,,,,
0.0008220390000133193,0,2.31844044699983,4,0.5796101117499575,4000,0.0005796101117499574,11,16,../data/shot500_sig70_reorder.hdf5,signals,62,8.45190315500031,25.53886139799988,,,,,,
0.000676396000017121,0,2.145493480999903,4,0.5363733702499758,4500,0.00047677632911108955,12,16,../data/shot500_sig70_reorder.hdf5,signals,62,8.45190315500031,25.53886139799988,,,,,,
0.0006991760001255898,0,1.1987883730002977,4,0.29969709325007443,3500,0.00034251096371437076,13,16,../data/shot500_sig70_reorder.hdf5,signals,62,8.45190315500031,25.53886139799988,,,,,,
0.0013986530002512154,0,2.25774886399995,4,0.5644372159999875,3998,0.0005647195757878814,14,16,../data/shot500_sig70_reorder.hdf5,signals,62,8.45190315500031,25.53886139799988,,,,,,
0.000993977000234736,0,0.761410430000069,2,0.3807052150000345,2000,0.0003807052150000345,15,16,../data/shot500_sig70_reorder.hdf5,signals,62,8.45190315500031,25.53886139799988,,,,,,
0.0006284480000431358,0,6.236621388000003,32,0.1948944183750001,3977,0.0015681723379431742,0,16,../data/shot500_sig70.hdf5,shots,500,8.522147937000227,6.724144143000103,,,,,,
0.0007217789998321678,0,6.374517429000207,32,0.19920366965625647,4000,0.0015936293572500516,1,16,../data/shot500_sig70.hdf5,shots,500,8.522147937000227,6.724144143000103,,,,,,
0.0006272369996622729,0,6.43337558300027,32,0.20104298696875844,4001,0.0016079419102724994,2,16,../data/shot500_sig70.hdf5,shots,500,8.522147937000227,6.724144143000103,,,,,,
0.0006360129996210162,0,6.146574924999641,32,0.19208046640623877,3998,0.0015374124374686446,3,16,../data/shot500_sig70.hdf5,shots,500,8.522147937000227,6.724144143000103,,,,,,
0.0005437459999484417,0,6.220831761000227,32,0.1944009925312571,3982,0.0015622380113009108,4,16,../data/shot500_sig70.hdf5,shots,500,8.522147937000227,6.724144143000103,,,,,,
0.0006791440000597504,0,6.550862117000179,32,0.2047144411562556,4003,0.001636488163127699,5,16,../data/shot500_sig70.hdf5,shots,500,8.522147937000227,6.724144143000103,,,,,,
0.0007648020000488032,0,6.290683838999939,32,0.1965838699687481,3978,0.0015813684864253242,6,16,../data/shot500_sig70.hdf5,shots,500,8.522147937000227,6.724144143000103,,,,,,
0.000655720999930054,0,6.528587821999736,32,0.20401836943749174,3989,0.001636647736776068,7,16,../data/shot500_sig70.hdf5,shots,500,8.522147937000227,6.724144143000103,,,,,,
0.000748976000068069,0,6.329703323000103,32,0.19780322884375323,3990,0.0015863918102757152,8,16,../data/shot500_sig70.hdf5,shots,500,8.522147937000227,6.724144143000103,,,,,,
0.0008208700000977842,0,6.298068463999698,32,0.19681463949999056,4008,0.0015713743672653936,9,16,../data/shot500_sig70.hdf5,shots,500,8.522147937000227,6.724144143000103,,,,,,
0.0008060630002546532,0,6.229995105999933,32,0.1946873470624979,3988,0.0015621853324974757,10,16,../data/shot500_sig70.hdf5,shots,500,8.522147937000227,6.724144143000103,,,,,,
0.0008249600000453938,0,6.414342602000033,32,0.20044820631250104,3999,0.0016039866471617987,11,16,../data/shot500_sig70.hdf5,shots,500,8.522147937000227,6.724144143000103,,,,,,
0.0006911939999554306,0,6.31897085699984,32,0.197467839281245,3990,0.0015837019691728922,12,16,../data/shot500_sig70.hdf5,shots,500,8.522147937000227,6.724144143000103,,,,,,
0.0012962609998794505,0,6.240215929999977,32,0.19500674781249927,4008,0.0015569401022954034,13,16,../data/shot500_sig70.hdf5,shots,500,8.522147937000227,6.724144143000103,,,,,,
0.000716674999694078,0,6.419068083000184,32,0.20059587759375574,3997,0.001605971499374577,14,16,../data/shot500_sig70.hdf5,shots,500,8.522147937000227,6.724144143000103,,,,,,
0.0014572330001101363,0,3.9938862119997793,20,0.19969431059998896,2497,0.0015994738534240206,15,16,../data/shot500_sig70.hdf5,shots,500,8.522147937000227,6.724144143000103,,,,,,
0.0006256140000004962,0,6.607757483000114,32,0.20649242134375356,3995,0.001654006879349215,0,16,../data/shot500_sig70_reorder.hdf5,shots,500,8.493868033000126,6.676796380999804,,,,,,
0.0006265550000534859,0,6.256825517999914,32,0.19552579743749732,3992,0.001567341061623225,1,16,../data/shot500_sig70_reorder.hdf5,shots,500,8.493868033000126,6.676796380999804,,,,,,
0.0006357950001074641,0,6.3646482240001205,32,0.19889525700000377,3995,0.0015931534978723706,2,16,../data/shot500_sig70_reorder.hdf5,shots,500,8.493868033000126,6.676796380999804,,,,,,
0.0006579250002687331,0,6.478405617000135,32,0.20245017553125422,4002,0.0016187920082459109,3,16,../data/shot500_sig70_reorder.hdf5,shots,500,8.493868033000126,6.676796380999804,,,,,,
0.0006108500001573702,0,6.379637282999738,32,0.19936366509374182,3999,0.0015953081477868812,4,16,../data/shot500_sig70_reorder.hdf5,shots,500,8.493868033000126,6.676796380999804,,,,,,
0.0005739390003327571,0,6.363614445000167,32,0.1988629514062552,3976,0.0016005066511569836,5,16,../data/shot500_sig70_reorder.hdf5,shots,500,8.493868033000126,6.676796380999804,,,,,,
0.0006952509997972811,0,6.332265369999732,32,0.19788329281249162,3988,0.0015878298319959207,6,16,../data/shot500_sig70_reorder.hdf5,shots,500,8.493868033000126,6.676796380999804,,,,,,
0.0009371360001750872,0,6.272213422999812,32,0.19600666946874412,3992,0.001571195747244442,7,16,../data/shot500_sig70_reorder.hdf5,shots,500,8.493868033000126,6.676796380999804,,,,,,
0.0006361879995893105,0,6.451792369000032,32,0.201618511531251,3999,0.0016133514301075347,8,16,../data/shot500_sig70_reorder.hdf5,shots,500,8.493868033000126,6.676796380999804,,,,,,
0.0005514000004041009,0,6.4344043500000225,32,0.2010751359375007,3991,0.0016122286018541774,9,16,../data/shot500_sig70_reorder.hdf5,shots,500,8.493868033000126,6.676796380999804,,,,,,
0.0009492930003034417,0,6.340775170999677,32,0.19814922409373992,3985,0.0015911606451693041,10,16,../data/shot500_sig70_reorder.hdf5,shots,500,8.493868033000126,6.676796380999804,,,,,,
0.0007873789995755942,0,6.36584572899983,32,0.19893267903124467,3992,0.0015946507337173922,11,16,../data/shot500_sig70_reorder.hdf5,shots,500,8.493868033000126,6.676796380999804,,,,,,
0.0007494789997508633,0,6.481105108000065,32,0.20253453462500204,4003,0.0016190619805146304,12,16,../data/shot500_sig70_reorder.hdf5,shots,500,8.493868033000126,6.676796380999804,,,,,,
0.0007781720000821224,0,6.453040407000117,32,0.20165751271875365,3993,0.0016160882561983764,13,16,../data/shot500_sig70_reorder.hdf5,shots,500,8.493868033000126,6.676796380999804,,,,,,
0.0008717589998923359,0,6.1911258350000935,32,0.19347268234375292,3996,0.0015493307895395629,14,16,../data/shot500_sig70_reorder.hdf5,shots,500,8.493868033000126,6.676796380999804,,,,,,
0.0008385820001421962,0,4.213178370000151,20,0.21065891850000754,2507,0.0016805657638612487,15,16,../data/shot500_sig70_reorder.hdf5,shots,500,8.493868033000126,6.676796380999804,,,,,,
0.0007953660001476237,64000000,200.51267138100002,62,3.234075344854839,62405,0.003213086633779345,0,1,../data/shot500_sig70.hdf5,signals,62,8.220828139000332,200.8455937650001,188351.0,99.68728597140445,588.0,76848.0,63.83770560066625,27783.0
0.0007056710001052124,64000000,103.96059117699997,62,1.6767837286612899,62405,0.0016659016293085484,0,1,../data/shot500_sig70_reorder.hdf5,signals,62,10.582166768999741,104.34644965400003,161906.0,99.85114819710202,240.0,71981.0,89.09017657437379,7846.0
0.0007248570000228938,64000000,72.43627276500001,500,0.14487254553000004,62405,0.001160744696178191,0,1,../data/shot500_sig70.hdf5,shots,500,8.255781097000181,72.5729835279999,146424.0,99.69813691744523,440.0,59094.0,97.4769012082445,1485.0
0.0006776069999432366,64000000,213.42030640799976,500,0.4268406128159995,62405,0.003419923185770367,0,1,../data/shot500_sig70_reorder.hdf5,shots,500,10.535778808000032,213.53815597400035,138333.0,93.456369774385,9049.0,80141.0,72.98760933854082,21643.0
0.0007193049996203627,64000000,109.39742070800003,32,3.418669397125001,32364,0.0033802194014336926,0,2,../data/shot500_sig70.hdf5,signals,62,8.262071609000031,109.70881388099997,116723.0,99.73184376686686,312.0,41476.0,64.87607290963449,14561.0
0.0007086489999892365,64000000,98.36170383799981,30,3.2787234612666603,30041,0.003274248654771806,1,2,../data/shot500_sig70.hdf5,signals,62,8.262071609000031,109.70881388099997,97505.0,99.69847700117943,293.0,40090.0,66.63257670241956,13370.0
0.0007127199996830313,64000000,76.38563550500021,32,2.3870511095312565,31058,0.002459451204359592,0,2,../data/shot500_sig70_reorder.hdf5,signals,62,10.961923549999938,76.64908053199997,94891.0,99.82190091789526,167.0,39501.0,89.11673122199439,4293.0
0.000859159999890835,64000000,32.532720358000006,30,1.0844240119333335,31347,0.0010378256406673686,1,2,../data/shot500_sig70_reorder.hdf5,signals,62,10.961923549999938,76.64908053199997,91963.0,99.84993964964171,136.0,32478.0,89.0387339121867,3554.0
0.0006625410001106502,64000000,38.54913089999991,251,0.15358219482071678,31329,0.001230461581920901,0,2,../data/shot500_sig70.hdf5,shots,500,8.387508563999745,38.67919239999992,73542.0,99.69133284381714,225.0,29669.0,97.48222049951127,741.0
0.0006781120000596275,64000000,37.77607582199971,249,0.15171114787951692,31076,0.0012156029032693947,1,2,../data/shot500_sig70.hdf5,shots,500,8.387508563999745,38.67919239999992,72894.0,99.68310148983456,230.0,29433.0,97.45183977168485,743.0
0.0007230830001390132,64000000,106.94275207800001,251,0.4260667413466136,31326,0.00341386554548937,0,2,../data/shot500_sig70_reorder.hdf5,shots,500,10.983647873999871,107.58961020800007,69445.0,93.4422924616603,4551.0,40444.0,73.14311146276331,10857.0
0.0006496510000033595,64000000,107.47317490899968,249,0.4316191763413642,31079,0.0034580641239743775,1,2,../data/shot500_sig70_reorder.hdf5,shots,500,10.983647873999871,107.58961020800007,68924.0,93.45656084963147,4507.0,40240.0,72.99950298210736,10860.0
0.0006651160001638345,64000000,44.71546087000024,16,2.794716304375015,14541,0.003075129693281084,0,4,../data/shot500_sig70.hdf5,signals,62,8.239295215999846,59.22177656399981,57619.0,99.713636126972,164.0,19277.0,64.06079784198786,6921.0
0.0005772800000158895,64000000,49.06699552700002,16,3.066687220437501,15930,0.00308016293327056,1,4,../data/shot500_sig70.hdf5,signals,62,8.239295215999846,59.22177656399981,61609.0,99.72893570744534,166.0,21542.0,66.09878377123758,7296.0
0.0006614270000682154,64000000,58.9989175679998,16,3.6874323479999873,16994,0.0034717498863128045,2,4,../data/shot500_sig70.hdf5,signals,62,8.239295215999846,59.22177656399981,69429.0,99.75802618502355,167.0,23347.0,68.7283162718979,7294.0
0.0005631629996969423,64000000,57.28287706099991,14,4.0916340757857075,14940,0.003834195251740288,3,4,../data/shot500_sig70.hdf5,signals,62,8.239295215999846,59.22177656399981,65877.0,99.77382090866311,148.0,22282.0,70.68036980522395,6526.0
0.0006579589999091695,64000000,15.684983882999859,16,0.9803114926874912,16494,0.0009509508841396786,0,4,../data/shot500_sig70_reorder.hdf5,signals,62,10.864037607999762,50.81014291400015,63706.0,99.82733180548144,106.0,16854.0,87.38578379019816,2122.0
0.0006397249999281485,64000000,50.625721222000266,16,3.1641075763750166,15994,0.003165294561835705,1,4,../data/shot500_sig70_reorder.hdf5,signals,62,10.864037607999762,50.81014291400015,64178.0,99.8067873726199,121.0,23238.0,90.9114381616318,2107.0
0.0006430570001612068,64000000,27.717101596000248,16,1.7323188497500155,15329,0.0018081480589732042,2,4,../data/shot500_sig70_reorder.hdf5,signals,62,10.864037607999762,50.81014291400015,56712.0,99.79898434193821,113.0,17048.0,89.01337400281558,1866.0
0.0007794570001351531,64000000,13.411168132000057,14,0.957940580857147,14588,0.000919328772415688,3,4,../data/shot500_sig70_reorder.hdf5,signals,62,10.864037607999762,50.81014291400015,54384.0,99.8768020005884,65.0,14861.0,87.67916021802033,1825.0
0.0006740060002812243,64000000,19.220453945999907,126,0.15254328528571354,15738,0.00122127677887914,0,4,../data/shot500_sig70.hdf5,shots,500,8.230117563000022,19.33147313499967,36933.0,99.69945577126147,109.0,14919.0,97.4126952208593,380.0
0.000732175999928586,64000000,19.04905289699991,126,0.1511829594999993,15727,0.0012112324599097037,1,4,../data/shot500_sig70.hdf5,shots,500,8.230117563000022,19.33147313499967,36901.0,99.68835532912387,113.0,14888.0,97.52821063944116,362.0
0.000752401999761787,64000000,19.093415626000024,126,0.15153504465079384,15741,0.0012129734849120146,2,4,../data/shot500_sig70.hdf5,shots,500,8.230117563000022,19.33147313499967,36987.0,99.71070916808608,105.0,14910.0,97.46478873239437,372.0
0.0007015500000306929,64000000,18.411421392999728,122,0.15091329010655513,15199,0.0012113574177906262,3,4,../data/shot500_sig70.hdf5,shots,500,8.230117563000022,19.33147313499967,35648.0,99.66898563734291,116.0,14386.0,97.4350062560823,363.0
0.0006353390003823733,64000000,56.44741624500011,126,0.44799536702381043,15740,0.003586239913913603,0,4,../data/shot500_sig70_reorder.hdf5,shots,500,10.613024422000308,56.52243119800005,35001.0,93.50304277020656,2271.0,20205.0,72.78396436525613,5494.0
0.0007276530000126513,64000000,55.95971488500027,126,0.4441247213095259,15729,0.0035577414257104882,1,4,../data/shot500_sig70_reorder.hdf5,shots,500,10.613024422000308,56.52243119800005,34950.0,93.51931330472102,2262.0,20229.0,72.71738593108903,5514.0
0.0008354030001100909,64000000,55.78410610799983,126,0.4427310008571415,15729,0.0035465767758916544,2,4,../data/shot500_sig70_reorder.hdf5,shots,500,10.613024422000308,56.52243119800005,34779.0,93.39256447856465,2295.0,20300.0,73.3103448275862,5413.0
0.0007462599996870267,64000000,53.14783155299983,122,0.43563796354917894,15207,0.003494958345038458,3,4,../data/shot500_sig70_reorder.hdf5,shots,500,10.613024422000308,56.52243119800005,33654.0,93.40643014203364,2216.0,19322.0,73.16012835110237,5181.0
0.000659768999867083,64000000,47.24982943199984,8,5.90622867899998,8383,0.005636386667302856,0,8,../data/shot500_sig70.hdf5,signals,62,8.315948744999787,47.389280276000136,42661.0,99.79137854246267,88.0,15608.0,76.10199897488468,3723.0
0.0006300680001913861,64000000,23.22451164899985,8,2.9030639561249814,8500,0.0027322954881176297,1,8,../data/shot500_sig70.hdf5,signals,62,8.315948744999787,47.389280276000136,39001.0,99.75641650214097,94.0,11519.0,67.80970570362011,3701.0
0.0005769009999312402,64000000,37.61448330799976,8,4.70181041349997,7138,0.005269610998599014,2,8,../data/shot500_sig70.hdf5,signals,62,8.315948744999787,47.389280276000136,38156.0,99.77723031764336,84.0,13107.0,74.54032196536203,3330.0
0.0005906050000703544,64000000,22.030078597000283,8,2.7537598246250354,8494,0.002593604732399374,3,8,../data/shot500_sig70.hdf5,signals,62,8.315948744999787,47.389280276000136,43174.0,99.78690878769629,91.0,11845.0,69.02490502321655,3662.0
0.0007100640000317071,64000000,23.42030090399976,8,2.92753761299997,8489,0.0027588998591117635,4,8,../data/shot500_sig70.hdf5,signals,62,8.315948744999787,47.389280276000136,45373.0,99.79944019571111,90.0,11471.0,67.09964257693314,3767.0
0.0005637809999825549,64000000,28.125102889999653,8,3.5156378612499566,7901,0.0035596890127831482,5,8,../data/shot500_sig70.hdf5,signals,62,8.315948744999787,47.389280276000136,37838.0,99.76478672234262,88.0,10731.0,65.62296151337247,3682.0
0.0006693300001643365,64000000,24.515222687000005,8,3.0644028358750006,8000,0.0030644028358750007,6,8,../data/shot500_sig70.hdf5,signals,62,8.315948744999787,47.389280276000136,42651.0,99.78664040702445,90.0,10838.0,66.06384941871194,3671.0
0.0006512790000670066,64000000,16.034613276999607,6,2.6724355461666014,5500,0.002915384232181747,7,8,../data/shot500_sig70.hdf5,signals,62,8.315948744999787,47.389280276000136,28641.0,99.74861212946476,71.0,7378.0,64.06885334779074,2644.0
0.0006883340001877514,64000000,25.70746992899967,8,3.213433741124959,8449,0.0030426642122144245,0,8,../data/shot500_sig70_reorder.hdf5,signals,62,10.879834059000132,34.84273965500006,35516.0,99.82543079175584,61.0,12089.0,91.51294565307305,1019.0
0.0007691370001339237,64000000,8.427446805999807,8,1.0534308507499759,8133,0.0010362039599163663,1,8,../data/shot500_sig70_reorder.hdf5,signals,62,10.879834059000132,34.84273965500006,34620.0,99.86712882726746,43.0,8297.0,87.6099795106665,1023.0
0.0006320050001704658,64000000,6.399128709999786,8,0.7998910887499733,8000,0.0007998910887499732,2,8,../data/shot500_sig70_reorder.hdf5,signals,62,10.879834059000132,34.84273965500006,28211.0,99.89011378540286,29.0,8168.0,89.65475024485798,839.0
0.0007554110002274683,64000000,15.852881420999893,8,1.9816101776249866,8901,0.0017810225166835067,3,8,../data/shot500_sig70_reorder.hdf5,signals,62,10.879834059000132,34.84273965500006,41715.0,99.82260577729834,71.0,9592.0,89.19933277731444,1031.0
0.0005639399996653083,64000000,8.218695873999877,8,1.0273369842499847,7998,0.0010275938827206648,4,8,../data/shot500_sig70_reorder.hdf5,signals,62,10.879834059000132,34.84273965500006,35610.0,99.81185060376299,64.0,8175.0,87.5474006116208,1013.0
0.0007217459997264086,64000000,34.6521370989999,8,4.331517137374988,8424,0.004113501554962002,5,8,../data/shot500_sig70_reorder.hdf5,signals,62,10.879834059000132,34.84273965500006,40575.0,99.8422674060382,62.0,12951.0,89.18230252490154,1395.0
0.0006738570000379696,64000000,7.991396216999874,8,0.9989245271249843,8000,0.0009989245271249843,6,8,../data/shot500_sig70_reorder.hdf5,signals,62,10.879834059000132,34.84273965500006,36997.0,99.8324188447712,60.0,8166.0,87.81533186382562,989.0
0.0006449809998230194,64000000,4.864583564999975,6,0.8107639274999959,4500,0.0010810185699999945,7,8,../data/shot500_sig70_reorder.hdf5,signals,62,10.879834059000132,34.84273965500006,26282.0,99.90487786317632,22.0,4559.0,86.64180741390656,604.0
0.0007645489999958954,64000000,9.877483345999735,63,0.15678544993650373,7884,0.0012528517688990025,0,8,../data/shot500_sig70.hdf5,shots,500,8.211284902999978,10.528343839000172,18537.0,99.70329611048174,52.0,7466.0,97.57567639967854,176.0
0.0006653519999417767,64000000,10.40480497999988,63,0.1651556346031727,7884,0.0013197368061897362,1,8,../data/shot500_sig70.hdf5,shots,500,8.211284902999978,10.528343839000172,18551.0,99.67117675597002,58.0,7471.0,97.41667782090751,188.0
0.0006853340000816388,64000000,10.284823939000034,63,0.16325117363492117,7824,0.0013145224870910065,2,8,../data/shot500_sig70.hdf5,shots,500,8.211284902999978,10.528343839000172,18314.0,99.63415965927706,64.0,7389.0,97.5233455136013,178.0
0.002137384999969072,64000000,9.93449689099998,63,0.15769042684126952,7860,0.0012639309021628474,3,8,../data/shot500_sig70.hdf5,shots,500,8.211284902999978,10.528343839000172,18431.0,99.69616407140144,53.0,7436.0,97.41796664873587,187.0
0.0006430019998333592,64000000,9.998598283999854,63,0.15870790926983896,7875,0.0012696632741587117,4,8,../data/shot500_sig70.hdf5,shots,500,8.211284902999978,10.528343839000172,18489.0,99.6754827194548,58.0,7475.0,97.4180602006689,187.0
0.0006719739999425656,64000000,10.258558514000015,63,0.16283426212698437,7869,0.00130366736739103,5,8,../data/shot500_sig70.hdf5,shots,500,8.211284902999978,10.528343839000172,18509.0,99.70825004052082,51.0,7476.0,97.41840556447298,188.0
0.0005602159999398282,64000000,9.94264021500021,63,0.1578196859523843,7852,0.0012662557584055287,6,8,../data/shot500_sig70.hdf5,shots,500,8.211284902999978,10.528343839000172,18417.0,99.69050333930608,55.0,7427.0,97.41483775414031,186.0
0.0026177409999945667,64000000,9.34337854100022,59,0.1583623481525461,7357,0.0012699984424358053,7,8,../data/shot500_sig70.hdf5,shots,500,8.211284902999978,10.528343839000172,17264.0,99.66983317886933,55.0,6956.0,97.48418631397355,169.0
0.0006567750001522654,64000000,29.750643169999876,63,0.47223243126983927,7845,0.0037923063314212716,0,8,../data/shot500_sig70_reorder.hdf5,shots,500,10.860026742000173,30.400811746000272,17339.0,93.25797335486476,1166.0,10134.0,73.03137951450563,2728.0
0.0006436749999920721,64000000,29.45962181999994,63,0.4676130447619038,7861,0.0037475666988932626,1,8,../data/shot500_sig70_reorder.hdf5,shots,500,10.860026742000173,30.400811746000272,17437.0,93.42203360669839,1144.0,10099.0,73.19536587780968,2702.0
0.0006527900000037334,64000000,30.124401198000214,63,0.4781650983809558,7870,0.003827751105209684,2,8,../data/shot500_sig70_reorder.hdf5,shots,500,10.860026742000173,30.400811746000272,17494.0,93.51777752372243,1131.0,10059.0,73.16830698876628,2694.0
0.0006891250000080618,64000000,30.270129654000357,63,0.48047824847619613,7864,0.0038492026518311745,3,8,../data/shot500_sig70_reorder.hdf5,shots,500,10.860026742000173,30.400811746000272,17441.0,93.38914053093286,1150.0,10358.0,73.57597991890327,2732.0
0.0007216839999273361,64000000,29.461224395000045,63,0.4676384824603182,7848,0.0037539786436034716,4,8,../data/shot500_sig70_reorder.hdf5,shots,500,10.860026742000173,30.400811746000272,17414.0,93.51096818651659,1127.0,10145.0,73.10004928536225,2724.0
0.0007083280002007086,64000000,29.808930323999903,63,0.47315762419047463,7873,0.0037862225738600156,5,8,../data/shot500_sig70_reorder.hdf5,shots,500,10.860026742000173,30.400811746000272,17432.0,93.44882973841212,1140.0,10078.0,72.97082754514784,2718.0
0.003392606000033993,64000000,29.831823772999996,63,0.4735210122698412,7879,0.0037862449261327575,6,8,../data/shot500_sig70_reorder.hdf5,shots,500,10.860026742000173,30.400811746000272,17497.0,93.55889581071041,1124.0,10020.0,72.624750499002,2738.0
0.0005623329998343252,64000000,27.537606510000387,59,0.46673909338983705,7365,0.0037389825539715393,7,8,../data/shot500_sig70_reorder.hdf5,shots,500,10.860026742000173,30.400811746000272,16365.0,93.66941643751909,1033.0,9336.0,72.52570694087403,2560.0
0.0006406829998013563,64000000,13.243685040999935,4,3.310921260249984,3142,0.004215049344684894,0,16,../data/shot500_sig70.hdf5,signals,62,8.295827186000224,34.09569725499978,23921.0,99.78679821077714,50.0,4701.0,68.98532227185706,1451.0
0.000700508000136324,64000000,34.00150403800035,4,8.500376009500087,4955,0.006862059341675146,1,16,../data/shot500_sig70.hdf5,signals,62,8.295827186000224,34.09569725499978,33151.0,99.83409248589787,54.0,9963.0,80.79895613770952,1906.0
0.0007896669999354344,64000000,16.183206716999848,4,4.045801679249962,4491,0.0036034751095524046,2,16,../data/shot500_sig70.hdf5,signals,62,8.295827186000224,34.09569725499978,26873.0,99.81393964201986,49.0,6397.0,70.81444427075192,1860.0
0.0006346270001813537,64000000,22.975126500999977,4,5.743781625249994,3930,0.005846088168193379,3,16,../data/shot500_sig70.hdf5,signals,62,8.295827186000224,34.09569725499978,29680.0,99.80795148247978,56.0,6648.0,72.23225030084237,1839.0
0.0005745950002165046,64000000,22.04773131999991,4,5.511932829999978,4399,0.005011987115253446,4,16,../data/shot500_sig70.hdf5,signals,62,8.295827186000224,34.09569725499978,30488.0,99.82288113356074,53.0,6535.0,71.21652639632747,1874.0
0.0007094269999470271,64000000,16.461949225999888,4,4.115487306499972,4500,0.003658210939111086,5,16,../data/shot500_sig70.hdf5,signals,62,8.295827186000224,34.09569725499978,24808.0,99.78232828119961,53.0,6358.0,70.35231204781378,1878.0
0.0007294249999176827,64000000,15.680151844999727,4,3.920037961249932,4000,0.0039200379612499316,6,16,../data/shot500_sig70.hdf5,signals,62,8.295827186000224,34.09569725499978,27105.0,99.80446412101088,52.0,5700.0,68.0,1817.0
0.0007177349998528371,64000000,15.917188288000034,4,3.9792970720000085,4000,0.003979297072000008,7,16,../data/shot500_sig70.hdf5,signals,62,8.295827186000224,34.09569725499978,22306.0,99.76687886667264,51.0,5353.0,65.6827946945638,1830.0
0.0009369909998895309,64000000,16.893203947000075,4,4.223300986750019,4500,0.0037540453215555722,8,16,../data/shot500_sig70.hdf5,signals,62,8.295827186000224,34.09569725499978,27573.0,99.81140971239981,51.0,6421.0,70.54975860457873,1884.0
0.0009384489999320067,64000000,15.61050211599968,4,3.90262552899992,3994,0.003908488261392008,9,16,../data/shot500_sig70.hdf5,signals,62,8.295827186000224,34.09569725499978,26457.0,99.79589522621612,53.0,5507.0,66.9329943708008,1814.0
0.0010767529997792735,64000000,15.602167909999935,4,3.9005419774999837,3500,0.004457762259999981,10,16,../data/shot500_sig70.hdf5,signals,62,8.295827186000224,34.09569725499978,30118.0,99.81738495252009,54.0,4945.0,63.55915065722952,1795.0
0.0009505579996584856,64000000,17.143354148999606,4,4.2858385372499015,4000,0.004285838537249902,11,16,../data/shot500_sig70.hdf5,signals,62,8.295827186000224,34.09569725499978,33238.0,99.82249232805825,58.0,5917.0,67.68632753084334,1905.0
0.000981437999598711,64000000,15.367708600000242,4,3.8419271500000605,4000,0.0038419271500000603,12,16,../data/shot500_sig70.hdf5,signals,62,8.295827186000224,34.09569725499978,24426.0,99.77483009907475,54.0,5695.0,68.11237928007023,1809.0
0.0018938110001727182,64000000,33.54780099199979,4,8.386950247999948,3496,0.009596052915331749,13,16,../data/shot500_sig70.hdf5,signals,62,8.295827186000224,34.09569725499978,25302.0,99.80238716307012,49.0,8480.0,78.50235849056604,1816.0
0.0009769989997039374,64000000,17.09817055700023,4,4.274542639250058,3998,0.004276680979739928,14,16,../data/shot500_sig70.hdf5,signals,62,8.295827186000224,34.09569725499978,28216.0,99.79798695775447,56.0,5799.0,66.6494223141921,1927.0
0.001925039000070683,64000000,10.952438613999675,2,5.4762193069998375,1500,0.00730162574266645,15,16,../data/shot500_sig70.hdf5,signals,62,8.295827186000224,34.09569725499978,15827.0,99.81045049598787,29.0,2000.0,57.35,846.0
0.0006417499998860876,64000000,11.723198618999959,4,2.9307996547499897,3543,0.003308833931414044,0,16,../data/shot500_sig70_reorder.hdf5,signals,62,10.825102390999746,30.602355417000126,26097.0,99.84289381921295,37.0,4080.0,83.23529411764706,680.0
0.0006320210000012594,64000000,4.253145571000005,4,1.0632863927500011,3500,0.0012151844488571442,1,16,../data/shot500_sig70_reorder.hdf5,signals,62,10.825102390999746,30.602355417000126,16955.0,99.90563255676793,15.0,3566.0,88.10992708917554,417.0
0.0007603760000165494,64000000,5.6285968009997305,4,1.4071492002499326,4498,0.0012513554470875345,2,16,../data/shot500_sig70_reorder.hdf5,signals,62,10.825102390999746,30.602355417000126,24367.0,99.93023351253744,15.0,4584.0,88.96160558464223,500.0
0.0007712030001130188,64000000,5.442321700999855,4,1.3605804252499638,4500,0.0012094048224444123,3,16,../data/shot500_sig70_reorder.hdf5,signals,62,10.825102390999746,30.602355417000126,26847.0,99.8286586955712,44.0,4631.0,90.5204059598359,433.0
0.0006531509998239926,64000000,4.132276951000222,4,1.0330692377500554,3494,0.001182678005437957,4,16,../data/shot500_sig70_reorder.hdf5,signals,62,10.825102390999746,30.602355417000126,19532.0,99.90272373540856,17.0,3566.0,89.00729108244532,386.0
0.0008110100002340914,64000000,6.439930192999782,4,1.6099825482499455,4455,0.001445551109539794,5,16,../data/shot500_sig70_reorder.hdf5,signals,62,10.825102390999746,30.602355417000126,27919.0,99.77076542856119,60.0,4553.0,86.84383922688338,595.0
0.0005842740001753555,64000000,22.97191684399968,4,5.74297921099992,3496,0.006570914429061693,6,16,../data/shot500_sig70_reorder.hdf5,signals,62,10.825102390999746,30.602355417000126,18395.0,99.86952976352269,21.0,7054.0,92.24553444853983,542.0
0.0009337110000160465,64000000,6.0091898579999,4,1.502297464499975,4489,0.0013386477741144799,7,16,../data/shot500_sig70_reorder.hdf5,signals,62,10.825102390999746,30.602355417000126,26393.0,99.89012238093434,27.0,4571.0,87.57383504703566,562.0
0.0006821199999649252,64000000,5.363841731999855,4,1.3409604329999638,4000,0.0013409604329999638,8,16,../data/shot500_sig70_reorder.hdf5,signals,62,10.825102390999746,30.602355417000126,25390.0,99.83851910200866,39.0,4092.0,89.41837732160313,427.0
0.0008447750001323584,64000000,5.955655122999815,4,1.4889137807499537,5000,0.001191131024599963,9,16,../data/shot500_sig70_reorder.hdf5,signals,62,10.825102390999746,30.602355417000126,22842.0,99.90368619210227,21.0,5085.0,90.4228121927237,480.0
0.0010526559999561869,64000000,5.238492488999782,4,1.3096231222499455,4000,0.0013096231222499454,10,16,../data/shot500_sig70_reorder.hdf5,signals,62,10.825102390999746,30.602355417000126,23867.0,99.86173377466795,32.0,4080.0,89.33823529411765,428.0
0.0010824920000231941,64000000,30.39646797100022,4,7.599116992750055,3930,0.007734470221628555,11,16,../data/shot500_sig70_reorder.hdf5,signals,62,10.825102390999746,30.602355417000126,26813.0,99.81352329094096,47.0,8363.0,91.11562836302762,738.0
0.004349952000211488,64000000,5.903181059999952,4,1.475795264999988,4000,0.001475795264999988,12,16,../data/shot500_sig70_reorder.hdf5,signals,62,10.825102390999746,30.602355417000126,18891.0,99.89412947964638,18.0,4075.0,84.26993865030676,635.0
0.0007884109995757171,64000000,5.285473237999668,4,1.321368309499917,4000,0.0013213683094999169,13,16,../data/shot500_sig70_reorder.hdf5,signals,62,10.825102390999746,30.602355417000126,25235.0,99.8771547453933,29.0,4095.0,88.74236874236874,455.0
0.0021860729998479655,64000000,8.394538624000234,4,2.0986346560000584,4000,0.0020986346560000584,14,16,../data/shot500_sig70_reorder.hdf5,signals,62,10.825102390999746,30.602355417000126,30486.0,99.85567145575018,39.0,4084.0,87.4877571008815,508.0
0.0009079200003725418,64000000,1.692832891999842,2,0.846416445999921,1500,0.0011285552613332281,15,16,../data/shot500_sig70_reorder.hdf5,signals,62,10.825102390999746,30.602355417000126,13278.0,99.92468745292966,6.0,1523.0,91.66119500984898,123.0
0.0006506180002361361,64000000,7.003979748999882,32,0.2188743671562463,3986,0.001757144944555916,0,16,../data/shot500_sig70.hdf5,shots,500,8.185006229999999,7.682991994000076,9369.0,99.67979506884406,27.0,3765.0,97.52988047808765,88.0
0.0006374900003720541,64000000,7.249884664000092,32,0.22655889575000288,3999,0.001812924397099298,1,16,../data/shot500_sig70.hdf5,shots,500,8.185006229999999,7.682991994000076,9375.0,99.616,34.0,3792.0,97.46835443037975,90.0
0.0006509779996122234,64000000,7.1099348860002465,32,0.2221854651875077,3984,0.0017846222103414272,2,16,../data/shot500_sig70.hdf5,shots,500,8.185006229999999,7.682991994000076,9357.0,99.60457411563536,35.0,3772.0,97.42841993637327,91.0
0.0007098350001797371,64000000,7.1991903820003245,32,0.22497469943751014,4003,0.001798448758930883,3,16,../data/shot500_sig70.hdf5,shots,500,8.185006229999999,7.682991994000076,9414.0,99.69194816231145,27.0,3799.0,97.36772834956568,94.0
0.0007636469999852125,64000000,7.145523852999759,32,0.22329762040624246,4009,0.0017823706293339384,4,16,../data/shot500_sig70.hdf5,shots,500,8.185006229999999,7.682991994000076,9434.0,99.68200127199492,28.0,3810.0,97.50656167979002,89.0
0.0006609810002373706,64000000,7.487311969000075,32,0.23397849903125234,3985,0.0018788737688833312,5,16,../data/shot500_sig70.hdf5,shots,500,8.185006229999999,7.682991994000076,9354.0,99.67928159076331,28.0,3764.0,97.58235919234856,85.0
0.0007165120000536263,64000000,7.221913320000112,32,0.2256847912500035,4012,0.0018000780957128895,6,16,../data/shot500_sig70.hdf5,shots,500,8.185006229999999,7.682991994000076,9443.0,99.65053478767341,30.0,3806.0,97.55648975302155,88.0
0.0010878489997594443,64000000,7.1160407379998105,32,0.22237627306249408,3992,0.0017825753351702932,7,16,../data/shot500_sig70.hdf5,shots,500,8.185006229999999,7.682991994000076,9386.0,99.70168335819305,26.0,3763.0,97.52856763220834,87.0
0.0006997850000516337,64000000,7.281911349999973,32,0.22755972968749916,3999,0.0018209330707676852,8,16,../data/shot500_sig70.hdf5,shots,500,8.185006229999999,7.682991994000076,9408.0,99.63860544217688,32.0,3780.0,97.53968253968253,87.0
0.0008600000001024455,64000000,7.2152752770002735,32,0.22547735240625855,3989,0.0018087930000000685,9,16,../data/shot500_sig70.hdf5,shots,500,8.185006229999999,7.682991994000076,9354.0,99.61513790891597,33.0,3777.0,97.37887212073075,94.0
0.0006879369998387119,64000000,7.173541535999902,32,0.22417317299999695,3982,0.0018014920984429689,10,16,../data/shot500_sig70.hdf5,shots,500,8.185006229999999,7.682991994000076,9363.0,99.67958987504005,27.0,3756.0,97.44408945686901,91.0
0.0009462250000069616,64000000,7.021669541999927,32,0.21942717318749771,3978,0.0017651255761689107,11,16,../data/shot500_sig70.hdf5,shots,500,8.185006229999999,7.682991994000076,9317.0,99.64580873671783,30.0,3763.0,97.39569492426256,93.0
0.0008406219999415043,64000000,7.171418229999745,32,0.22410681968749202,3997,0.001794200207655678,12,16,../data/shot500_sig70.hdf5,shots,500,8.185006229999999,7.682991994000076,9383.0,99.63764254502824,32.0,3790.0,97.5197889182058,88.0
0.001399845999912941,64000000,7.250455747999695,32,0.22657674212499046,3985,0.0018194368250940263,13,16,../data/shot500_sig70.hdf5,shots,500,8.185006229999999,7.682991994000076,9349.0,99.63632474061397,32.0,3788.0,97.4920802534319,89.0
0.0008008509998944646,64000000,7.125150312000187,32,0.22266094725000585,3996,0.0017830706486486954,14,16,../data/shot500_sig70.hdf5,shots,500,8.185006229999999,7.682991994000076,9399.0,99.70209596765613,26.0,3793.0,97.49538623780649,89.0
0.000810484000339784,64000000,4.619722196000112,20,0.23098610980000558,2509,0.001841260341171826,15,16,../data/shot500_sig70.hdf5,shots,500,8.185006229999999,7.682991994000076,5917.0,99.59438904850431,21.0,2389.0,97.36291335286731,58.0
0.0021184320003158064,64000000,20.90017191800007,32,0.6531303724375022,3989,0.005239451471045392,0,16,../data/shot500_sig70_reorder.hdf5,shots,500,10.526554899000075,21.764276150000114,8851.0,93.48096260309569,574.0,5125.0,73.38536585365854,1359.0
0.0006255670000427926,64000000,20.80352595500017,32,0.6501101860937553,3998,0.005203483230365224,1,16,../data/shot500_sig70_reorder.hdf5,shots,500,10.526554899000075,21.764276150000114,8880.0,93.42342342342343,582.0,5139.0,73.63300252967503,1349.0
0.0006305599999905098,64000000,21.052964675000112,32,0.6579051460937535,3991,0.005275110166624934,2,16,../data/shot500_sig70_reorder.hdf5,shots,500,10.526554899000075,21.764276150000114,8865.0,93.53637901861252,570.0,5091.0,72.83441367118444,1378.0
0.0005514079998647503,64000000,20.97214036200012,32,0.6553793863125037,4001,0.0052417246593351955,3,16,../data/shot500_sig70_reorder.hdf5,shots,500,10.526554899000075,21.764276150000114,8907.0,93.64544740092062,563.0,5152.0,72.78726708074534,1397.0
0.0006942250001884531,64000000,21.274423986999864,32,0.6648257495937457,4002,0.005315948022738597,4,16,../data/shot500_sig70_reorder.hdf5,shots,500,10.526554899000075,21.764276150000114,8894.0,93.44501911400944,580.0,5086.0,72.45379473063312,1396.0
0.0006546139998135914,64000000,21.587947699000324,32,0.6746233655937601,3975,0.00543093023874222,5,16,../data/shot500_sig70_reorder.hdf5,shots,500,10.526554899000075,21.764276150000114,8827.0,93.4065934065934,580.0,5205.0,72.92987512007684,1403.0
0.0008504160000484262,64000000,20.984006795999903,32,0.655750212374997,3980,0.005272363516582891,6,16,../data/shot500_sig70_reorder.hdf5,shots,500,10.526554899000075,21.764276150000114,8801.0,93.37575275536871,580.0,5219.0,73.73059973174938,1366.0
0.0030601989997194323,64000000,21.38670156499984,32,0.668334423906245,3993,0.005356048476083106,7,16,../data/shot500_sig70_reorder.hdf5,shots,500,10.526554899000075,21.764276150000114,8835.0,93.0390492359932,613.0,5206.0,72.76219746446408,1412.0
0.0008650820000184467,64000000,21.026505173999794,32,0.6570782866874936,3994,0.005264523078117124,8,16,../data/shot500_sig70_reorder.hdf5,shots,500,10.526554899000075,21.764276150000114,8861.0,93.43189256291615,579.0,5052.0,72.94140934283452,1362.0
0.001031619000059436,64000000,20.92148764300009,32,0.6537964888437529,4009,0.0052186299932651765,9,16,../data/shot500_sig70_reorder.hdf5,shots,500,10.526554899000075,21.764276150000114,8903.0,93.27193080983938,596.0,5137.0,73.29180455518785,1367.0
0.000971945999935997,64000000,20.46803727300039,32,0.6396261647812622,3976,0.005147896698440742,10,16,../data/shot500_sig70_reorder.hdf5,shots,500,10.526554899000075,21.764276150000114,8833.0,93.7733499377335,547.0,4995.0,72.7927927927928,1354.0
0.0007427179998558131,64000000,21.306278808000116,32,0.6658212127500036,3987,0.005343937498871361,11,16,../data/shot500_sig70_reorder.hdf5,shots,500,10.526554899000075,21.764276150000114,8867.0,93.45889252283749,577.0,5198.0,72.37398999615236,1431.0
0.0009254639999198844,64000000,20.960276668999995,32,0.6550086459062499,3995,0.0052466274515644545,12,16,../data/shot500_sig70_reorder.hdf5,shots,500,10.526554899000075,21.764276150000114,8843.0,93.4185231256361,580.0,5165.0,73.41723136495644,1367.0
0.0009308049998253409,64000000,21.109408531999634,32,0.6596690166249886,3998,0.00527999212906444,13,16,../data/shot500_sig70_reorder.hdf5,shots,500,10.526554899000075,21.764276150000114,8889.0,93.64382945213184,563.0,5130.0,73.54775828460039,1351.0
0.000782480999987456,64000000,21.268347445000018,32,0.6646358576562506,4005,0.005310448800249693,14,16,../data/shot500_sig70_reorder.hdf5,shots,500,10.526554899000075,21.764276150000114,8873.0,93.37315451369322,585.0,5172.0,72.9891724671307,1392.0
0.004222518999995373,64000000,13.435993833000339,20,0.671799691650017,2512,0.005348723659633893,15,16,../data/shot500_sig70_reorder.hdf5,shots,500,10.526554899000075,21.764276150000114,5589.0,93.50509930220076,360.0,3235.0,72.67387944358578,879.0
0.0007971140003064647,264000000,203.13876137800025,62,3.2764316351290366,62405,0.003255168037464951,0,1,../data/shot500_sig70.hdf5,signals,62,8.141336502000286,203.51975101200014,180720.0,99.67961487383799,577.0,78036.0,64.29852888410478,27829.0
0.0007845529999030987,264000000,102.45073197900047,62,1.6524311609516205,62405,0.0016417071064658356,0,1,../data/shot500_sig70_reorder.hdf5,signals,62,8.14331360099959,102.80107980200046,171386.0,99.8885556579884,189.0,71987.0,89.34668759637157,7638.0
0.0007440190001943847,264000000,71.95925790599995,500,0.1439185158119999,62405,0.0011531008397724534,0,1,../data/shot500_sig70.hdf5,shots,500,8.217799244000162,72.10675852500026,146423.0,99.88526392711528,161.0,59102.0,97.54153835741599,1427.0
0.0006584879993170034,264000000,167.41207456900065,500,0.3348241491380013,62405,0.002682670852800267,0,1,../data/shot500_sig70_reorder.hdf5,shots,500,8.206514452000192,167.54088275999948,138339.0,98.14369049942533,2560.0,79256.0,75.66998082164126,19258.0
0.0006549059999088058,264000000,86.17649645900019,32,2.693015514343756,31035,0.00277675194003545,0,2,../data/shot500_sig70.hdf5,signals,62,8.268095265000738,117.19695155200043,97841.0,99.69031387659571,301.0,35081.0,59.408226675408336,14209.0
0.0007126939999579918,264000000,116.87906653099981,30,3.8959688843666602,31370,0.0037258229687918334,1,2,../data/shot500_sig70.hdf5,signals,62,8.268095265000738,117.19695155200043,104218.0,99.72557523652344,284.0,43691.0,68.81051017371999,13596.0
0.0007705630005148123,264000000,51.65155273599976,32,1.6141110229999924,31551,0.0016370813202751025,0,2,../data/shot500_sig70_reorder.hdf5,signals,62,8.210560695999447,54.528650299999754,99584.0,99.8995822622108,99.0,36608.0,89.97760052447552,3637.0
0.0007588110001961468,264000000,54.251229357999364,30,1.8083743119333122,30854,0.0017583207803850186,1,2,../data/shot500_sig70_reorder.hdf5,signals,62,8.210560695999447,54.528650299999754,99394.0,99.8963720144073,102.0,35383.0,88.6838312183817,3972.0
0.0006550650005010539,264000000,36.93809804300054,251,0.14716373722310971,31355,0.0011780608529102388,0,2,../data/shot500_sig70.hdf5,shots,500,8.324986159999753,37.08269867499985,73597.0,99.8831474108999,79.0,29693.0,97.52130131680867,710.0
0.0008386029994653654,264000000,36.73945690100027,249,0.14754801968273198,31050,0.0011832353269243241,1,2,../data/shot500_sig70.hdf5,shots,500,8.324986159999753,37.08269867499985,72826.0,99.88191030675857,80.0,29407.0,97.52099840174108,702.0
0.0007349919997068355,264000000,86.8072287949999,251,0.34584553304780835,31347,0.0027692356140938497,0,2,../data/shot500_sig70_reorder.hdf5,shots,500,8.31190994500048,86.93099088899999,69584.0,98.10588641066911,1309.0,40058.0,75.69773827949473,9711.0
0.0007551970002168673,264000000,85.62884460900023,249,0.3438909422048202,31058,0.0027570624189902837,1,2,../data/shot500_sig70_reorder.hdf5,shots,500,8.31190994500048,86.93099088899999,68779.0,98.16949941115747,1253.0,39644.0,75.73403289274545,9593.0
0.000778476000050432,264000000,56.5630378550004,16,3.535189865937525,14638,0.0038641233676048915,0,4,../data/shot500_sig70.hdf5,signals,62,8.31976774100076,60.02472953100005,62406.0,99.7548312662244,151.0,21447.0,67.9488972816711,6843.0
0.0006481710006482899,264000000,59.81501113299964,16,3.7384381958124777,16938,0.003531409324182291,1,4,../data/shot500_sig70.hdf5,signals,62,8.31976774100076,60.02472953100005,69289.0,99.76763988511885,159.0,24496.0,70.11348791639452,7290.0
0.0022930940003789146,264000000,53.854569316999914,16,3.3659105823124946,16331,0.003297689628130544,2,4,../data/shot500_sig70.hdf5,signals,62,8.31976774100076,60.02472953100005,60144.0,99.73895982974196,155.0,21247.0,65.62808867134183,7272.0
0.0007777870005156728,264000000,39.87312284299969,14,2.8480802030714067,14498,0.0027502498857083523,3,4,../data/shot500_sig70.hdf5,signals,62,8.31976774100076,60.02472953100005,61801.0,99.77346644876296,138.0,18143.0,63.61131014716419,6571.0
0.0006916310003362014,264000000,23.213602322000042,16,1.4508501451250027,16876,0.0013755393648968975,0,4,../data/shot500_sig70_reorder.hdf5,signals,62,8.329619228999945,38.084759195000515,70560.0,99.91354875283447,57.0,18118.0,88.03951871067447,2138.0
0.002284060999954818,264000000,31.337799287999587,16,1.9586124554999742,15998,0.001958857312664057,1,4,../data/shot500_sig70_reorder.hdf5,signals,62,8.329619228999945,38.084759195000515,55419.0,99.87549396416392,66.0,19739.0,89.87790668220275,1968.0
0.0023444010003004223,264000000,37.86417222199998,16,2.3665107638749987,16895,0.002241146624563479,2,4,../data/shot500_sig70_reorder.hdf5,signals,62,8.329619228999945,38.084759195000515,59507.0,99.91261532256709,46.0,21227.0,91.04442455363451,1874.0
0.000553265999769792,264000000,13.7596863509998,14,0.9828347393571286,12636,0.0010889273782051124,3,4,../data/shot500_sig70_reorder.hdf5,signals,62,8.329619228999945,38.084759195000515,45675.0,99.90147783251231,44.0,12909.0,87.5435742505229,1576.0
0.0006794210003135959,264000000,18.83677929500027,126,0.149498248373018,15730,0.0011975066303242384,0,4,../data/shot500_sig70.hdf5,shots,500,8.214155966000362,19.104828968999755,36953.0,99.8755175493194,39.0,14912.0,97.55230686695279,339.0
0.0006358740001815022,264000000,18.814012798000476,126,0.14931756188889267,15715,0.0011972009416481371,1,4,../data/shot500_sig70.hdf5,shots,500,8.214155966000362,19.104828968999755,36859.0,99.88062616999919,38.0,14881.0,97.46656810698205,350.0
0.0007854229997974471,264000000,18.952113399000154,126,0.15041359840476312,15727,0.0012050685699116267,2,4,../data/shot500_sig70.hdf5,shots,500,8.214155966000362,19.104828968999755,36908.0,99.88349409342148,37.0,14891.0,97.54213954737762,339.0
0.0006071929992685909,264000000,18.031969100000424,122,0.14780302540983953,15233,0.0011837437865161442,3,4,../data/shot500_sig70.hdf5,shots,500,8.214155966000362,19.104828968999755,35743.0,99.85171921774892,45.0,14418.0,97.56554307116106,326.0
0.0006552920003741747,264000000,45.056712931999755,126,0.35759295977777583,15757,0.002859472801421575,0,4,../data/shot500_sig70_reorder.hdf5,shots,500,8.308194410999931,45.65690040699974,34969.0,98.14693013812233,641.0,20014.0,75.53212751074247,4871.0
0.0007523840004068916,264000000,45.52354258200012,126,0.36129795700000095,15710,0.002897743003310001,1,4,../data/shot500_sig70_reorder.hdf5,shots,500,8.308194410999931,45.65690040699974,34816.0,98.09283088235294,658.0,20467.0,75.88801485317829,4908.0
0.0007431509993693908,264000000,45.11413339400042,126,0.3580486777301621,15704,0.0028727797627356353,2,4,../data/shot500_sig70_reorder.hdf5,shots,500,8.308194410999931,45.65690040699974,34777.0,98.09069212410502,657.0,20509.0,75.96664878833683,4903.0
0.0007760909993521636,264000000,44.26635913199971,122,0.3628390092786861,15234,0.002905760741236688,3,4,../data/shot500_sig70_reorder.hdf5,shots,500,8.308194410999931,45.65690040699974,33819.0,98.063218900618,648.0,19626.0,75.715887088556,4740.0
0.0007084130002112943,264000000,27.419521819999318,8,3.4274402274999147,8072,0.003396868411793771,0,8,../data/shot500_sig70.hdf5,signals,62,8.402772329000072,44.225613442000395,36666.0,99.78454153711886,77.0,11628.0,71.34502923976608,3301.0
0.0006833389998064376,264000000,22.02198457799932,8,2.752748072249915,7500,0.002936264610399909,1,8,../data/shot500_sig70.hdf5,signals,62,8.402772329000072,44.225613442000395,41630.0,99.79582032188326,83.0,10349.0,64.74055464296067,3618.0
0.0008110849994409364,264000000,38.621917643000415,8,4.827739705375052,8485,0.004551787583146778,2,8,../data/shot500_sig70.hdf5,signals,62,8.402772329000072,44.225613442000395,38840.0,99.79660144181256,77.0,14176.0,74.68961625282166,3557.0
0.0007553010000265203,264000000,27.860011008000583,8,3.482501376000073,7901,0.0035261373254019215,3,8,../data/shot500_sig70.hdf5,signals,62,8.402772329000072,44.225613442000395,37504.0,99.78402303754265,79.0,10238.0,64.0261769876929,3652.0
0.0006709229992338805,264000000,21.578481864999958,8,2.6973102331249947,7498,0.002877898354894633,4,8,../data/shot500_sig70.hdf5,signals,62,8.402772329000072,44.225613442000395,39401.0,99.7868074414355,82.0,9804.0,63.23949408404733,3573.0
0.0008251910003309604,264000000,23.55466026799968,8,2.94433253349996,8453,0.0027865444538033453,5,8,../data/shot500_sig70.hdf5,signals,62,8.402772329000072,44.225613442000395,43104.0,99.81208240534521,79.0,11474.0,67.34355935157748,3716.0
0.0005829680003444082,264000000,44.02593556700049,8,5.503241945875061,8996,0.004893945705535848,6,8,../data/shot500_sig70.hdf5,signals,62,8.402772329000072,44.225613442000395,44185.0,99.80762702274527,83.0,15310.0,74.82691051600261,3823.0
0.0008673610000187182,264000000,16.623045863999323,6,2.770507643999887,5500,0.0030223719752726043,7,8,../data/shot500_sig70.hdf5,signals,62,8.402772329000072,44.225613442000395,34346.0,99.80492633785593,65.0,7440.0,62.82258064516129,2735.0
0.0006625280002481304,264000000,32.11067573000037,8,4.013834466250046,8426,0.003810903836933345,0,8,../data/shot500_sig70_reorder.hdf5,signals,62,8.243207053999868,32.23765270600052,38414.0,99.92190347269225,26.0,13020.0,91.95084485407065,1019.0
0.0006496369996966678,264000000,7.473266472000432,8,0.934158309000054,8000,0.000934158309000054,1,8,../data/shot500_sig70_reorder.hdf5,signals,62,8.243207053999868,32.23765270600052,30999.0,99.92902996870868,20.0,8151.0,86.56606551343393,1064.0
0.0008393180005441536,264000000,12.722519622000618,8,1.5903149527500773,7901,0.0016102416937097352,2,8,../data/shot500_sig70_reorder.hdf5,signals,62,8.243207053999868,32.23765270600052,34844.0,99.92251176673172,26.0,8522.0,88.6998357193147,931.0
0.0006831800001236843,264000000,8.302438564999647,8,1.037804820624956,7140,0.0011628065217086341,3,8,../data/shot500_sig70_reorder.hdf5,signals,62,8.243207053999868,32.23765270600052,32698.0,99.9051929781638,29.0,7282.0,86.54215874759682,949.0
0.0006520180004372378,264000000,10.020697766000012,8,1.2525872207500015,7492,0.0013375197231713844,4,8,../data/shot500_sig70_reorder.hdf5,signals,62,8.243207053999868,32.23765270600052,39361.0,99.92378242422703,26.0,7644.0,88.77551020408163,829.0
0.0005743319998146035,264000000,7.575204785000096,8,0.946900598125012,8455,0.0008959437947959902,5,8,../data/shot500_sig70_reorder.hdf5,signals,62,8.243207053999868,32.23765270600052,37114.0,99.9083903648219,30.0,8610.0,89.05923344947735,913.0
0.0005928679993303376,264000000,6.269246763999945,8,0.7836558454999931,8491,0.0007383402148156807,6,8,../data/shot500_sig70_reorder.hdf5,signals,62,8.243207053999868,32.23765270600052,31951.0,99.91236581014678,27.0,8665.0,90.74437391806116,770.0
0.000692598000568978,264000000,24.076546637999854,6,4.012757772999976,6500,0.003704084098153824,7,8,../data/shot500_sig70_reorder.hdf5,signals,62,8.243207053999868,32.23765270600052,36585.0,99.92346590132568,23.0,10106.0,90.24341975064318,958.0
0.0006595370005015866,264000000,10.076904937999643,63,0.15995087203174035,7866,0.0012810710574624514,0,8,../data/shot500_sig70.hdf5,shots,500,8.279059407999739,10.171084294000138,18464.0,99.84835355285962,21.0,7450.0,97.51677852348993,159.0
0.0006717100004607346,264000000,9.609178100999998,63,0.1525266365238095,7839,0.0012258168262533483,1,8,../data/shot500_sig70.hdf5,shots,500,8.279059407999739,10.171084294000138,18399.0,99.86955812815914,17.0,7414.0,97.6530887510116,148.0
0.0008843109999361332,264000000,9.899893875999624,63,0.15714117263491467,7862,0.001259208073772529,2,8,../data/shot500_sig70.hdf5,shots,500,8.279059407999739,10.171084294000138,18454.0,99.85369025685489,20.0,7452.0,97.42351046698873,166.0
0.0008785660002104123,264000000,9.633800857999631,63,0.1529174739365021,7869,0.0012242725705934212,3,8,../data/shot500_sig70.hdf5,shots,500,8.279059407999739,10.171084294000138,18471.0,99.87006659087217,19.0,7454.0,97.62543600751275,149.0
0.0032068569998955354,264000000,9.766725041000427,63,0.15502738160318139,7857,0.0012430603335879377,4,8,../data/shot500_sig70.hdf5,shots,500,8.279059407999739,10.171084294000138,18430.0,99.84807379272924,22.0,7430.0,97.52355316285329,157.0
0.0023660890001337975,264000000,9.866500843000722,63,0.15661112449207495,7877,0.0012525708826965497,5,8,../data/shot500_sig70.hdf5,shots,500,8.279059407999739,10.171084294000138,18514.0,99.86496705196068,18.0,7470.0,97.429718875502,166.0
0.0005656360008288175,264000000,9.627597874999992,63,0.15281901388888877,7862,0.001224573629483591,6,8,../data/shot500_sig70.hdf5,shots,500,8.279059407999739,10.171084294000138,18459.0,99.85372988785957,22.0,7444.0,97.5550779150994,154.0
0.0008392079998884583,264000000,9.593325052999717,59,0.1625987297118596,7373,0.0013011426899497784,7,8,../data/shot500_sig70.hdf5,shots,500,8.279059407999739,10.171084294000138,17326.0,99.84416483897033,21.0,6987.0,97.35222556175755,158.0
0.0006988330005697208,264000000,23.649043915999755,63,0.37538164946031355,7873,0.003003816069604948,0,8,../data/shot500_sig70_reorder.hdf5,shots,500,8.302738577000127,23.984611865999796,17521.0,98.08800867530391,329.0,10020.0,75.26946107784431,2451.0
0.0006466609993367456,264000000,23.525350998999784,63,0.3734182698253934,7873,0.002988105042423445,1,8,../data/shot500_sig70_reorder.hdf5,shots,500,8.302738577000127,23.984611865999796,17469.0,98.15673478733757,316.0,9997.0,75.53265979793939,2419.0
0.0007116449996829033,264000000,23.270667145000516,63,0.3693756689682622,7861,0.0029602680505025464,2,8,../data/shot500_sig70_reorder.hdf5,shots,500,8.302738577000127,23.984611865999796,17395.0,98.12014946823801,320.0,10221.0,76.09822913609236,2417.0
0.0006504559996756143,264000000,23.82309645799978,63,0.37814438822221874,7876,0.0030247710078719885,3,8,../data/shot500_sig70_reorder.hdf5,shots,500,8.302738577000127,23.984611865999796,17465.0,98.05324935585456,334.0,10267.0,75.95207947793902,2442.0
0.0006654630005868967,264000000,23.436617338999895,63,0.37200979903174436,7853,0.0029844158078441226,4,8,../data/shot500_sig70_reorder.hdf5,shots,500,8.302738577000127,23.984611865999796,17407.0,98.12719021083473,319.0,10004.0,75.76969212315075,2398.0
0.0006531600001835614,264000000,23.643446484999913,63,0.37529280134920495,7858,0.0030088376794349596,5,8,../data/shot500_sig70_reorder.hdf5,shots,500,8.302738577000127,23.984611865999796,17460.0,98.05269186712485,333.0,10030.0,75.63310069790629,2418.0
0.0005524709995370358,264000000,23.279571461999694,63,0.3695170073333285,7858,0.0029625313644692916,6,8,../data/shot500_sig70_reorder.hdf5,shots,500,8.302738577000127,23.984611865999796,17401.0,98.13229124762944,316.0,9964.0,75.8329987956644,2384.0
0.0006816489994889707,264000000,22.17815329899986,59,0.37590090337287896,7353,0.0030162047190262285,7,8,../data/shot500_sig70_reorder.hdf5,shots,500,8.302738577000127,23.984611865999796,16303.0,98.04943875360364,310.0,9606.0,76.10868207370393,2270.0
0.0006425660003515077,264000000,12.386297032000584,4,3.096574258000146,3142,0.003942169647358556,0,16,../data/shot500_sig70.hdf5,signals,62,8.283123946999694,33.749806314000125,21546.0,99.80506822612085,40.0,4688.0,68.89931740614334,1427.0
0.0007631549997313414,264000000,17.780006044999936,4,4.445001511249984,3500,0.005080001727142839,1,16,../data/shot500_sig70.hdf5,signals,62,8.283123946999694,33.749806314000125,28110.0,99.83279971540378,45.0,5000.0,63.13999999999999,1812.0
0.0006860729999971227,264000000,22.990397712999766,4,5.747599428249941,3930,0.005849973972773477,2,16,../data/shot500_sig70.hdf5,signals,62,8.283123946999694,33.749806314000125,30294.0,99.84155278272925,46.0,6824.0,72.31828839390387,1858.0
0.0006532409997817012,264000000,15.271766435000245,4,3.8179416087500613,3500,0.004363361838571498,3,16,../data/shot500_sig70.hdf5,signals,62,8.283123946999694,33.749806314000125,28830.0,99.83697537287549,45.0,5002.0,64.57417033186725,1741.0
0.0007475860002159607,264000000,20.66142020799998,4,5.165355051999995,3901,0.005296441991284281,4,16,../data/shot500_sig70.hdf5,signals,62,8.283123946999694,33.749806314000125,24939.0,99.81955972573078,43.0,5854.0,68.89306457123334,1790.0
0.000657026000226324,264000000,16.508307675999276,4,4.127076918999819,4955,0.003331646352371196,5,16,../data/shot500_sig70.hdf5,signals,62,8.283123946999694,33.749806314000125,26323.0,99.82524788208032,44.0,6915.0,73.0296456977585,1834.0
0.0007253229996422306,264000000,16.256919532999746,4,4.064229883249936,4485,0.003624731222519453,6,16,../data/shot500_sig70.hdf5,signals,62,8.283123946999694,33.749806314000125,29932.0,99.84965922758252,43.0,6137.0,69.3498452012384,1850.0
0.0008360780002476531,264000000,15.816691230999822,4,3.9541728077499556,4000,0.003954172807749955,7,16,../data/shot500_sig70.hdf5,signals,62,8.283123946999694,33.749806314000125,26299.0,99.82508840640328,44.0,5765.0,67.84041630529055,1823.0
0.0009781400003703311,264000000,33.3378002999998,4,8.33445007499995,4496,0.007414991169928781,8,16,../data/shot500_sig70.hdf5,signals,62,8.283123946999694,33.749806314000125,29576.0,99.8478496077901,43.0,9961.0,81.01596225278587,1860.0
0.0009213269995598239,264000000,16.715028646000064,4,4.178757161500016,4000,0.0041787571615000164,9,16,../data/shot500_sig70.hdf5,signals,62,8.283123946999694,33.749806314000125,30532.0,99.8460631468623,45.0,5960.0,68.17114093959732,1866.0
0.0009574499999871477,264000000,15.248523113999909,4,3.812130778499977,3500,0.004356720889714259,10,16,../data/shot500_sig70.hdf5,signals,62,8.283123946999694,33.749806314000125,25431.0,99.82305060752624,43.0,5000.0,64.25999999999999,1756.0
0.0009753340000315802,264000000,33.52640423899993,4,8.381601059749983,5000,0.006705280847799986,11,16,../data/shot500_sig70.hdf5,signals,62,8.283123946999694,33.749806314000125,31213.0,99.85582930189344,43.0,10442.0,81.65102470791035,1885.0
0.000957117999860202,264000000,16.18944005600042,4,4.047360014000105,3998,0.004049384706353282,12,16,../data/shot500_sig70.hdf5,signals,62,8.283123946999694,33.749806314000125,29001.0,99.84483293679529,43.0,5851.0,68.07383353272944,1837.0
0.001222942999447696,264000000,15.14518457199938,4,3.786296142999845,3500,0.004327195591999823,13,16,../data/shot500_sig70.hdf5,signals,62,8.283123946999694,33.749806314000125,24842.0,99.81885516464052,43.0,5000.0,64.08,1765.0
0.0009567959996275022,264000000,17.214743148000707,4,4.303685787000177,4498,0.003827199454868988,14,16,../data/shot500_sig70.hdf5,signals,62,8.283123946999694,33.749806314000125,29920.0,99.83957219251337,46.0,6477.0,70.18681488343368,1900.0
0.0010780639995573438,264000000,8.389137925999421,2,4.1945689629997105,2000,0.0041945689629997104,15,16,../data/shot500_sig70.hdf5,signals,62,8.283123946999694,33.749806314000125,17792.0,99.85948741007195,23.0,2996.0,68.35781041388518,917.0
0.0007527580000896705,264000000,12.40239310600009,4,3.1005982765000226,4930,0.00251569839878298,0,16,../data/shot500_sig70_reorder.hdf5,signals,62,8.274938315999862,26.011884849000126,26534.0,99.9359312580086,12.0,5963.0,90.97769579070938,510.0
0.0006604959999094717,264000000,5.476850209000077,4,1.3692125522500191,3500,0.0015648143454285934,1,16,../data/shot500_sig70_reorder.hdf5,signals,62,8.274938315999862,26.011884849000126,23481.0,99.91908351433074,15.0,3604.0,84.73917869034406,521.0
0.0005750800000896561,264000000,4.206079944000521,4,1.0515199860001303,3500,0.0012017371268572918,2,16,../data/shot500_sig70_reorder.hdf5,signals,62,8.274938315999862,26.011884849000126,19957.0,99.93987072205242,11.0,3566.0,90.04486819966348,323.0
0.0006569240003955201,264000000,25.889892118000716,4,6.472473029500179,3642,0.0071087018445910805,3,16,../data/shot500_sig70_reorder.hdf5,signals,62,8.274938315999862,26.011884849000126,24126.0,99.92539169360856,16.0,7154.0,90.85826111266424,623.0
0.0007142650001696893,264000000,10.436594900999808,4,2.609148725249952,4401,0.002371414428766146,4,16,../data/shot500_sig70_reorder.hdf5,signals,62,8.274938315999862,26.011884849000126,23752.0,99.93684742337487,10.0,4952.0,90.34733441033926,450.0
0.0008226119998653303,264000000,22.900548388999596,4,5.725137097249899,4487,0.005103754934031557,5,16,../data/shot500_sig70_reorder.hdf5,signals,62,8.274938315999862,26.011884849000126,27110.0,99.9336038362228,14.0,8074.0,93.91875154817933,462.0
0.000809103000392497,264000000,6.725866949999727,4,1.6814667374999317,3998,0.0016823078914456546,6,16,../data/shot500_sig70_reorder.hdf5,signals,62,8.274938315999862,26.011884849000126,24379.0,99.9466754173674,12.0,4080.0,83.11274509803923,657.0
0.0005715739998777281,264000000,5.551174052000533,4,1.3877935130001333,4000,0.0013877935130001333,7,16,../data/shot500_sig70_reorder.hdf5,signals,62,8.274938315999862,26.011884849000126,25265.0,99.93667128438551,13.0,4083.0,88.78275777614499,428.0
0.0007126910004444653,264000000,5.716105817000425,4,1.4290264542501063,4500,0.0012702457371112055,8,16,../data/shot500_sig70_reorder.hdf5,signals,62,8.274938315999862,26.011884849000126,26867.0,99.94044738899021,13.0,4576.0,89.48863636363636,451.0
0.0009508280008958536,264000000,5.149670783000147,4,1.2874176957500367,3994,0.0012893517233350392,9,16,../data/shot500_sig70_reorder.hdf5,signals,62,8.274938315999862,26.011884849000126,21537.0,99.9349955889864,8.0,4090.0,89.07090464547677,420.0
0.0008733000004212954,264000000,5.911422877999939,4,1.4778557194999848,4455,0.0013269187156004353,10,16,../data/shot500_sig70_reorder.hdf5,signals,62,8.274938315999862,26.011884849000126,26413.0,99.93563775413622,15.0,4530.0,85.73951434878587,615.0
0.0008840239997880417,264000000,4.779244751999613,4,1.1948111879999033,4500,0.0010620543893332473,11,16,../data/shot500_sig70_reorder.hdf5,signals,62,8.274938315999862,26.011884849000126,20035.0,99.92513102071375,10.0,4602.0,90.74315514993481,398.0
0.0008544110005459515,264000000,5.041279236999799,4,1.2603198092499497,4000,0.0012603198092499496,12,16,../data/shot500_sig70_reorder.hdf5,signals,62,8.274938315999862,26.011884849000126,23464.0,99.93607228094102,8.0,4091.0,89.46467856269861,405.0
0.0009582060001775972,264000000,4.003969297000367,4,1.0009923242500918,3000,0.0013346564323334557,13,16,../data/shot500_sig70_reorder.hdf5,signals,62,8.274938315999862,26.011884849000126,18904.0,99.92594159966146,12.0,3045.0,89.19540229885058,298.0
0.005607004000012239,264000000,4.5657922139998846,4,1.1414480534999711,3500,0.0013045120611428242,14,16,../data/shot500_sig70_reorder.hdf5,signals,62,8.274938315999862,26.011884849000126,19329.0,99.91204925241864,12.0,3567.0,87.24418278665546,427.0
0.0040852109996194486,264000000,3.242468872000245,2,1.6212344360001225,1998,0.001622857293293416,15,16,../data/shot500_sig70_reorder.hdf5,signals,62,8.274938315999862,26.011884849000126,17004.0,99.92942836979535,6.0,2026.0,87.41362290227048,228.0
0.000673556999572611,264000000,6.812357548000364,32,0.21288617337501137,3980,0.0017116476251257196,0,16,../data/shot500_sig70.hdf5,shots,500,8.282990665000398,7.602094353999746,9336.0,99.86075407026563,7.0,3754.0,97.4160895045285,70.0
0.0007299680000869557,264000000,6.993471248999413,32,0.21854597653123164,4004,0.0017466211910587943,1,16,../data/shot500_sig70.hdf5,shots,500,8.282990665000398,7.602094353999746,9408.0,99.8405612244898,9.0,3800.0,97.57894736842105,65.0
0.0006145380002635648,264000000,7.091564585000015,32,0.22161139328125046,4001,0.0017724480342414433,2,16,../data/shot500_sig70.hdf5,shots,500,8.282990665000398,7.602094353999746,9403.0,99.82984153993407,9.0,3793.0,97.44265752702347,71.0
0.0006901830001879716,264000000,7.091823566999665,32,0.22161948646873952,4003,0.0017716271713713876,3,16,../data/shot500_sig70.hdf5,shots,500,8.282990665000398,7.602094353999746,9421.0,99.86201040229275,8.0,3808.0,97.5577731092437,65.0
0.0006411300000763731,264000000,6.910844535999786,32,0.2159638917499933,3978,0.0017372660975363966,4,16,../data/shot500_sig70.hdf5,shots,500,8.282990665000398,7.602094353999746,9339.0,99.83938323160938,8.0,3768.0,97.5583864118896,66.0
0.0006827369998063659,264000000,7.003553214999556,32,0.21886103796873613,3993,0.0017539577297769988,5,16,../data/shot500_sig70.hdf5,shots,500,8.282990665000398,7.602094353999746,9377.0,99.86136290924603,6.0,3779.0,97.56549351680339,66.0
0.0007580249994134647,264000000,7.0479490460002125,32,0.22024840768750664,3982,0.001769952045705729,6,16,../data/shot500_sig70.hdf5,shots,500,8.282990665000398,7.602094353999746,9341.0,99.85012311315705,10.0,3770.0,97.37400530503979,70.0
0.0007209149998743669,264000000,7.100449679000121,32,0.2218890524687538,4007,0.0017720113998003796,7,16,../data/shot500_sig70.hdf5,shots,500,8.282990665000398,7.602094353999746,9428.0,99.86211285532457,5.0,3797.0,97.39267843033974,74.0
0.0011249269991822075,264000000,6.965758387000278,32,0.2176799495937587,4001,0.0017410043456636537,8,16,../data/shot500_sig70.hdf5,shots,500,8.282990665000398,7.602094353999746,9401.0,99.8723540048931,8.0,3797.0,97.55069791941006,64.0
0.0006738069996572449,264000000,6.870868840999719,32,0.21471465128124123,3992,0.001721159529308547,9,16,../data/shot500_sig70.hdf5,shots,500,8.282990665000398,7.602094353999746,9377.0,99.82936973445665,11.0,3776.0,97.72245762711864,58.0
0.0009584240006006439,264000000,7.048060705999887,32,0.22025189706249648,3980,0.0017708695241205746,10,16,../data/shot500_sig70.hdf5,shots,500,8.282990665000398,7.602094353999746,9344.0,99.8394691780822,10.0,3766.0,97.58364312267658,63.0
0.0010532799997235998,264000000,7.087404193000111,32,0.22148138103125348,3987,0.0017776283403561854,11,16,../data/shot500_sig70.hdf5,shots,500,8.282990665000398,7.602094353999746,9367.0,99.8185117967332,10.0,3779.0,97.56549351680339,66.0
0.0009547529998599202,264000000,7.358032725000157,32,0.22993852265625492,3989,0.0018445807783906134,12,16,../data/shot500_sig70.hdf5,shots,500,8.282990665000398,7.602094353999746,9370.0,99.83991462113127,9.0,3766.0,97.47742963356346,68.0
0.0009177420006380999,264000000,7.126428734000001,32,0.22270089793750003,4010,0.0017771642728179554,13,16,../data/shot500_sig70.hdf5,shots,500,8.282990665000398,7.602094353999746,9437.0,99.85164776941825,9.0,3803.0,97.58085721798581,64.0
0.0008369189999939408,264000000,7.014226708000024,32,0.21919458462500074,3998,0.0017544338939469795,14,16,../data/shot500_sig70.hdf5,shots,500,8.282990665000398,7.602094353999746,9399.0,99.8084902649218,10.0,3788.0,97.46568109820485,71.0
0.0020244200004526647,264000000,4.26392054400003,20,0.21319602720000147,2500,0.0017055682176000118,15,16,../data/shot500_sig70.hdf5,shots,500,8.282990665000398,7.602094353999746,5869.0,99.82961322201398,4.0,2363.0,97.79940753279729,25.0
0.0006747349998477148,264000000,16.63508846900004,32,0.5198465146562512,3996,0.004162935052302312,0,16,../data/shot500_sig70_reorder.hdf5,shots,500,8.259000760000163,17.278931531000126,8859.0,98.0697595665425,165.0,5188.0,75.71318427139553,1233.0
0.0006361719997585169,264000000,17.06588057600038,32,0.5333087680000119,3996,0.004270740884884981,1,16,../data/shot500_sig70_reorder.hdf5,shots,500,8.259000760000163,17.278931531000126,8891.0,98.03171746710156,169.0,5348.0,75.99102468212415,1257.0
0.0006382139999914216,264000000,16.788463412000056,32,0.5246394816250017,3988,0.004209745088264809,2,16,../data/shot500_sig70_reorder.hdf5,shots,500,8.259000760000163,17.278931531000126,8824.0,98.06210335448776,164.0,5221.0,75.84753878567324,1235.0
0.0007754899997962639,264000000,16.589008081999964,32,0.5184065025624989,3997,0.004150364794095563,3,16,../data/shot500_sig70_reorder.hdf5,shots,500,8.259000760000163,17.278931531000126,8884.0,98.13147230977037,159.0,5146.0,76.09794014768752,1204.0
0.000652812000225822,264000000,16.5139512629994,32,0.5160609769687312,3993,0.00413572533508625,4,16,../data/shot500_sig70_reorder.hdf5,shots,500,8.259000760000163,17.278931531000126,8866.0,98.07128355515452,165.0,5116.0,75.87959343236903,1207.0
0.0006468800002039643,264000000,17.076623216999906,32,0.533644475531247,3995,0.004274498927909863,5,16,../data/shot500_sig70_reorder.hdf5,shots,500,8.259000760000163,17.278931531000126,8907.0,98.01279892219603,168.0,5257.0,75.65151226935515,1256.0
0.0006759889993190882,264000000,17.000459654000224,32,0.531264364187507,3991,0.004259699236782817,6,16,../data/shot500_sig70_reorder.hdf5,shots,500,8.259000760000163,17.278931531000126,8884.0,97.89509230076541,181.0,5194.0,75.35618020793223,1253.0
0.0009904700000333833,264000000,16.515261765000105,32,0.5161019301562533,3990,0.004139163349624086,7,16,../data/shot500_sig70_reorder.hdf5,shots,500,8.259000760000163,17.278931531000126,8813.0,98.12776580052196,159.0,5228.0,76.3389441469013,1210.0
0.0005868520001968136,264000000,16.705607199000042,32,0.5220502249687513,3985,0.004192122258218329,8,16,../data/shot500_sig70_reorder.hdf5,shots,500,8.259000760000163,17.278931531000126,8840.0,98.03167420814479,168.0,5198.0,75.56752597152752,1243.0
0.0009825429997363244,264000000,16.94942565800011,32,0.5296695518125034,4005,0.004232066331585545,9,16,../data/shot500_sig70_reorder.hdf5,shots,500,8.259000760000163,17.278931531000126,8930.0,98.1410974244121,160.0,5033.0,75.16391814027419,1223.0
0.0009402030000273953,264000000,17.00199690499994,32,0.5313124032812482,3984,0.004267569504267054,10,16,../data/shot500_sig70_reorder.hdf5,shots,500,8.259000760000163,17.278931531000126,8851.0,98.11320754716981,160.0,5163.0,75.7117954677513,1228.0
0.0008542479999960051,264000000,16.731319385999996,32,0.5228537308124999,4003,0.004179695075193604,11,16,../data/shot500_sig70_reorder.hdf5,shots,500,8.259000760000163,17.278931531000126,8883.0,98.17629179331307,154.0,5115.0,75.87487781036168,1209.0
0.0008059419997152872,264000000,17.025098625999817,32,0.5320343320624943,4002,0.0042541475827086,12,16,../data/shot500_sig70_reorder.hdf5,shots,500,8.259000760000163,17.278931531000126,8876.0,97.96079315006759,175.0,5199.0,75.34141180996346,1255.0
0.0009209059999193414,264000000,16.495447420000346,32,0.5154827318750108,3986,0.004138346066231898,13,16,../data/shot500_sig70_reorder.hdf5,shots,500,8.259000760000163,17.278931531000126,8821.0,98.11812719646299,160.0,5205.0,76.46493756003842,1198.0
0.0007110879996616859,264000000,16.71061092799937,32,0.5222065914999803,3986,0.00419232587255378,14,16,../data/shot500_sig70_reorder.hdf5,shots,500,8.259000760000163,17.278931531000126,8812.0,98.0140717203813,169.0,5249.0,76.2240426747952,1221.0
0.0012512849998529418,264000000,10.863782571999764,20,0.5431891285999881,2508,0.004331651743221596,15,16,../data/shot500_sig70_reorder.hdf5,shots,500,8.259000760000163,17.278931531000126,5570.0,98.13285457809695,95.0,3201.0,76.47610121836927,729.0
