open-file-time,pb-size,pb-meta-accesses,pb-meta-hitrate,pb-meta-evicts,pb-raw-accesses,pb-raw-hitrate,pb-raw-evicts,read-data-time,wrkr-num-objs,mean-obj-time,num-dsets,mean-dset-time,worker#,num-workers,file,obj-type,tot-num-obj,gather-time,tot-runtime
0.20729050799991455,64000000,170564,99.65526136816679,587,75114,63.090768698245334,27717,2589.389018281,62,41.76433900453226,62405,0.04149329409952728,0,1,s3://psfchdf5/mw_files/v4_files/shot500_sig70.hdf5,signals,62,9.662311157999966,2590.002975257
0.20466270900033123,64000000,168409,99.83848844182913,271,71978,89.08138597904916,7852,786.8433192070001,62,12.691021277532261,62405,0.012608658267879179,0,1,s3://psfchdf5/mw_files/v4_files/shot500_sig70_reorder.hdf5,signals,62,126.04481126700011,787.3820907290001
0.20727773799990246,64000000,146418,99.69539264298105,444,59095,97.46002199847703,1495,280.43480689900025,500,0.5608696137980005,62405,0.004493787467334353,0,1,s3://psfchdf5/mw_files/v4_files/shot500_sig70.hdf5,shots,500,9.554325276999862,280.78002673100036
0.20827560399993672,64000000,138351,93.45143873192099,9057,80336,73.0444632543318,21650,2614.7720080950003,500,5.22954401619,62405,0.04190004019060973,0,1,s3://psfchdf5/mw_files/v4_files/shot500_sig70_reorder.hdf5,shots,500,126.13920575600059,2615.0984248019995
0.204638199999863,64000000,113985,99.72364784840111,314,42420,66.17868929750118,14340,1289.7695362719996,32,40.30529800849999,32977,0.03911118465209084,0,2,s3://psfchdf5/mw_files/v4_files/shot500_sig70.hdf5,signals,62,9.464011021999795,1290.2618925319994
0.20374849300060305,64000000,93105,99.67778314805864,299,37691,64.08161099466716,13531,1216.9570605990002,30,40.565235353300004,29428,0.041353712810894394,1,2,s3://psfchdf5/mw_files/v4_files/shot500_sig70.hdf5,signals,62,9.464011021999795,1290.2618925319994
0.20561965300112206,64000000,89867,99.80304227358208,174,34459,87.35889027539974,4351,419.23609966500044,32,13.101128114531264,32428,0.012928213262150007,0,2,s3://psfchdf5/mw_files/v4_files/shot500_sig70_reorder.hdf5,signals,62,126.66707468599998,419.75636714899883
0.20387686600042798,64000000,94208,99.81954823369566,168,37521,90.55195757042723,3539,361.19967417299995,30,12.039989139099998,29977,0.012049226879707775,1,2,s3://psfchdf5/mw_files/v4_files/shot500_sig70_reorder.hdf5,signals,62,126.66707468599998,419.75636714899883
0.20607188299982226,64000000,73538,99.70763414833146,213,29657,97.43736723201943,754,127.7300607490015,251,0.5088847041792888,31326,0.0040774455962779,0,2,s3://psfchdf5/mw_files/v4_files/shot500_sig70.hdf5,shots,500,9.5383857300003,128.05536234200008
0.2005586540017248,64000000,72896,99.69545654082529,220,29443,97.47987637129368,736,122.8216281799996,249,0.4932595509236932,31079,0.003951916991537682,1,2,s3://psfchdf5/mw_files/v4_files/shot500_sig70.hdf5,shots,500,9.5383857300003,128.05536234200008
0.20451047500137065,64000000,69379,93.38993067066403,4583,39756,72.82171244592011,10800,1282.373202724999,251,5.109056584561749,31320,0.040944227417784126,0,2,s3://psfchdf5/mw_files/v4_files/shot500_sig70_reorder.hdf5,shots,500,125.30660849999913,1282.6789815780012
0.20336279700131854,64000000,68957,93.47709442116101,4495,40211,73.12178259680186,10803,1273.937192116,249,5.116213622955823,31085,0.04098237709879363,1,2,s3://psfchdf5/mw_files/v4_files/shot500_sig70_reorder.hdf5,shots,500,125.30660849999913,1282.6789815780012
0.20512762399994244,64000000,63864,99.7369409996242,167,20580,64.33916423712343,7332,649.0117889829999,16,40.56323681143749,16453,0.039446410319273074,0,4,s3://psfchdf5/mw_files/v4_files/shot500_sig70.hdf5,signals,62,9.285585499999797,650.5953662110005
0.2062752680012636,64000000,61388,99.72307291327294,169,21117,65.00449874508689,7383,649.039264979001,16,40.564954061187564,16485,0.0393715053065818,1,4,s3://psfchdf5/mw_files/v4_files/shot500_sig70.hdf5,signals,62,9.285585499999797,650.5953662110005
0.20389310700011265,64000000,63480,99.74322621298046,162,20708,64.90245315819972,7261,650.2029891370003,16,40.637686821062516,16399,0.03964894134624064,2,4,s3://psfchdf5/mw_files/v4_files/shot500_sig70.hdf5,signals,62,9.285585499999797,650.5953662110005
0.20304694799960998,64000000,61798,99.7686009255963,142,24367,75.45040423523618,5975,567.5344614059995,14,40.53817581471425,13068,0.0434293282373737,3,4,s3://psfchdf5/mw_files/v4_files/shot500_sig70.hdf5,signals,62,9.285585499999797,650.5953662110005
0.20659150299979956,64000000,56086,99.87519166993546,68,19063,89.61338718984419,1974,193.60138411800108,16,12.100086507375067,17322,0.011176618411153508,0,4,s3://psfchdf5/mw_files/v4_files/shot500_sig70_reorder.hdf5,signals,62,125.48683412799983,220.30591985699903
0.2078939930015622,64000000,55468,99.83413860243743,91,15801,88.12100499968356,1870,169.67897111599996,16,10.604935694749997,15492,0.010952683392460623,1,4,s3://psfchdf5/mw_files/v4_files/shot500_sig70_reorder.hdf5,signals,62,125.48683412799983,220.30591985699903
0.20469024799967883,64000000,59436,99.80483208829666,114,18932,88.3794633424889,2194,219.88704536799924,16,13.742940335499952,15091,0.014570740531972649,2,4,s3://psfchdf5/mw_files/v4_files/shot500_sig70_reorder.hdf5,signals,62,125.48683412799983,220.30591985699903
0.20709869799975422,64000000,48103,99.84616344094962,72,18200,89.95054945054946,1823,184.83356394099974,14,13.202397424357125,14500,0.012747142340758603,3,4,s3://psfchdf5/mw_files/v4_files/shot500_sig70_reorder.hdf5,signals,62,125.48683412799983,220.30591985699903
0.23786049899899808,64000000,36996,99.68374959455076,115,14922,97.4601259884734,373,61.58423231800043,126,0.488763748555559,15752,0.0039096135295835725,0,4,s3://psfchdf5/mw_files/v4_files/shot500_sig70.hdf5,shots,500,9.364593726000749,61.965291032000096
0.20015319300000556,64000000,36923,99.71833274652656,102,14889,97.48136207938747,369,59.49576525500015,126,0.47218861313492183,15723,0.0037839957549449946,1,4,s3://psfchdf5/mw_files/v4_files/shot500_sig70.hdf5,shots,500,9.364593726000749,61.965291032000096
0.20077752100041835,64000000,36879,99.70986198107325,105,14902,97.42316467588243,378,61.62117407000005,126,0.48905693706349246,15721,0.00391967267158578,2,4,s3://psfchdf5/mw_files/v4_files/shot500_sig70.hdf5,shots,500,9.364593726000749,61.965291032000096
0.20701918000122532,64000000,35672,99.70845481049562,102,14395,97.49218478638416,355,61.2295802990011,122,0.5018818057295172,15209,0.004025878118153797,3,4,s3://psfchdf5/mw_files/v4_files/shot500_sig70.hdf5,shots,500,9.364593726000749,61.965291032000096
0.21480319900001632,64000000,34795,93.4214686018106,2287,20374,73.30421124963188,5433,646.2045501209996,126,5.128607540642854,15709,0.04113594437080652,0,4,s3://psfchdf5/mw_files/v4_files/shot500_sig70_reorder.hdf5,shots,500,125.2421032860002,649.0039608940006
0.20797904200117046,64000000,34873,93.40177214463911,2298,20355,73.06312945222304,5478,648.6732009789994,126,5.148200007769836,15727,0.041245832070897145,1,4,s3://psfchdf5/mw_files/v4_files/shot500_sig70_reorder.hdf5,shots,500,125.2421032860002,649.0039608940006
0.20662233799885144,64000000,34890,93.5310977357409,2254,20337,73.14254806510301,5457,643.903275712999,126,5.110343458039674,15731,0.040932126102154916,2,4,s3://psfchdf5/mw_files/v4_files/shot500_sig70_reorder.hdf5,shots,500,125.2421032860002,649.0039608940006
0.2037779740003316,64000000,33827,93.45197623200401,2212,19395,72.76617684970354,5277,622.8176166939993,122,5.105062431918027,15238,0.04087266154967839,3,4,s3://psfchdf5/mw_files/v4_files/shot500_sig70_reorder.hdf5,shots,500,125.2421032860002,649.0039608940006
0.2070305550005287,64000000,45773,99.78808467874074,96,10225,63.8239608801956,3692,331.41157836800085,8,41.426447296000106,7500,0.04418821044906678,0,8,s3://psfchdf5/mw_files/v4_files/shot500_sig70.hdf5,signals,62,9.565088189001472,342.44102840100095
0.229125539000961,64000000,41461,99.7805166300861,90,14724,75.03395816354251,3669,342.0859560889985,8,42.76074451112481,8500,0.04024540659870571,1,8,s3://psfchdf5/mw_files/v4_files/shot500_sig70.hdf5,signals,62,9.565088189001472,342.44102840100095
0.2080504320001637,64000000,41124,99.77628635346755,91,11582,67.66534277326886,3738,328.44398150800043,8,41.055497688500054,8953,0.03668535479816826,2,8,s3://psfchdf5/mw_files/v4_files/shot500_sig70.hdf5,signals,62,9.565088189001472,342.44102840100095
0.20029591900129162,64000000,43039,99.80250470503496,84,13453,74.60046086374787,3410,315.7093186050006,8,39.463664825625074,7630,0.0413773681002622,3,8,s3://psfchdf5/mw_files/v4_files/shot500_sig70.hdf5,signals,62,9.565088189001472,342.44102840100095
0.20162816400079464,64000000,45847,99.79715139485681,92,11812,68.5320013545547,3710,335.10877865899965,8,41.88859733237496,7930,0.0422583579645649,4,8,s3://psfchdf5/mw_files/v4_files/shot500_sig70.hdf5,signals,62,9.565088189001472,342.44102840100095
0.20615423700110114,64000000,37562,99.76305841009531,88,11256,67.21748400852879,3683,325.08878841800106,8,40.63609855225013,7901,0.04114527128439451,5,8,s3://psfchdf5/mw_files/v4_files/shot500_sig70.hdf5,signals,62,9.565088189001472,342.44102840100095
0.2056358560002991,64000000,32872,99.73229496227792,87,9931,64.1627227872319,3552,319.4680041249994,8,39.93350051562493,8000,0.03993350051562493,6,8,s3://psfchdf5/mw_files/v4_files/shot500_sig70.hdf5,signals,62,9.565088189001472,342.44102840100095
0.20252996100134624,64000000,33789,99.78691290064813,71,8196,67.26451927769644,2676,239.48559943999862,6,39.9142665733331,5991,0.03997422791520591,7,8,s3://psfchdf5/mw_files/v4_files/shot500_sig70.hdf5,signals,62,9.565088189001472,342.44102840100095
0.20787446299982548,64000000,30278,99.87449633397186,35,7658,88.97884565160616,839,78.99548136799967,8,9.87443517099996,7494,0.010541163780090696,0,8,s3://psfchdf5/mw_files/v4_files/shot500_sig70_reorder.hdf5,signals,62,125.57858432299872,161.6457095550013
0.20745091299977503,64000000,38157,99.81130592027675,70,16083,91.57495492134552,1349,161.25662958199973,8,20.157078697749967,8985,0.01794731547935445,1,8,s3://psfchdf5/mw_files/v4_files/shot500_sig70_reorder.hdf5,signals,62,125.57858432299872,161.6457095550013
0.20364875700033735,64000000,30346,99.86489158373426,38,7119,87.23135271807838,904,83.75357181500112,8,10.46919647687514,7000,0.011964795973571588,2,8,s3://psfchdf5/mw_files/v4_files/shot500_sig70_reorder.hdf5,signals,62,125.57858432299872,161.6457095550013
0.21042490800027736,64000000,38212,99.83774730451167,59,8665,89.12867859203692,937,89.56089139200049,8,11.19511142400006,8500,0.01053657545788241,3,8,s3://psfchdf5/mw_files/v4_files/shot500_sig70_reorder.hdf5,signals,62,125.57858432299872,161.6457095550013
0.20757414200124913,64000000,39806,99.86182987489323,53,8611,88.16629891998606,1013,94.80726117700033,8,11.850907647125041,8453,0.011215812276943135,4,8,s3://psfchdf5/mw_files/v4_files/shot500_sig70_reorder.hdf5,signals,62,125.57858432299872,161.6457095550013
0.20821652000086033,64000000,34929,99.85685247215781,48,7662,86.68754894283477,1014,97.35578673000055,8,12.169473341250068,7500,0.012980771564000073,5,8,s3://psfchdf5/mw_files/v4_files/shot500_sig70_reorder.hdf5,signals,62,125.57858432299872,161.6457095550013
0.20645768099893758,64000000,41832,99.82788296041308,70,10436,88.80797240321962,1162,123.93986519900136,8,15.49248314987517,8831,0.014034635397916585,6,8,s3://psfchdf5/mw_files/v4_files/shot500_sig70_reorder.hdf5,signals,62,125.57858432299872,161.6457095550013
0.2073414229998889,64000000,28423,99.84519579214017,39,5766,88.51890391952827,659,64.18989225400037,6,10.698315375666729,5642,0.01137715211875228,7,8,s3://psfchdf5/mw_files/v4_files/shot500_sig70_reorder.hdf5,signals,62,125.57858432299872,161.6457095550013
0.2069472469993343,64000000,18550,99.67115902964959,59,7502,97.48067182084777,183,30.308107634000407,63,0.481081073555562,7896,0.0038384128209220376,0,8,s3://psfchdf5/mw_files/v4_files/shot500_sig70.hdf5,shots,500,9.246053693001159,31.328449238999383
0.2039414820010279,64000000,18455,99.64779192630724,62,7442,97.42004837409299,187,30.385040010998637,63,0.48230222239680376,7856,0.0038677494922350606,1,8,s3://psfchdf5/mw_files/v4_files/shot500_sig70.hdf5,shots,500,9.246053693001159,31.328449238999383
0.20773929500137456,64000000,18445,99.72350230414746,49,7428,97.3882606354335,188,29.409993208999367,63,0.466825289031736,7854,0.003744587879933711,2,8,s3://psfchdf5/mw_files/v4_files/shot500_sig70.hdf5,shots,500,9.246053693001159,31.328449238999383
0.20811642600165214,64000000,18477,99.68068409373817,58,7437,97.47209896463627,181,30.968505245000415,63,0.4915635753174669,7866,0.003937008040300078,3,8,s3://psfchdf5/mw_files/v4_files/shot500_sig70.hdf5,shots,500,9.246053693001159,31.328449238999383
0.2068535279995558,64000000,18429,99.67985240653317,57,7439,97.48622126629924,181,30.028085867999835,63,0.476636283619045,7852,0.003824259534895547,4,8,s3://psfchdf5/mw_files/v4_files/shot500_sig70.hdf5,shots,500,9.246053693001159,31.328449238999383
0.20583987399913894,64000000,18342,99.66197797404863,60,7388,97.46886843530048,181,29.836132906000785,63,0.47358941120636167,7831,0.0038100029250416017,5,8,s3://psfchdf5/mw_files/v4_files/shot500_sig70.hdf5,shots,500,9.246053693001159,31.328449238999383
0.20976401699954295,64000000,18510,99.70286331712587,54,7480,97.48663101604278,181,29.494581508999545,63,0.46816796046031023,7881,0.003742492261007429,6,8,s3://psfchdf5/mw_files/v4_files/shot500_sig70.hdf5,shots,500,9.246053693001159,31.328449238999383
0.20413475099849165,64000000,17299,99.6415977802185,60,6988,97.4813966800229,170,28.73307445699902,59,0.48700126198303423,7369,0.003899182311982497,7,8,s3://psfchdf5/mw_files/v4_files/shot500_sig70.hdf5,shots,500,9.246053693001159,31.328449238999383
0.2046252509990154,64000000,17512,93.39881224303335,1153,10192,72.63540031397174,2784,325.3403148280013,63,5.164131981396846,7869,0.041344556465624765,0,8,s3://psfchdf5/mw_files/v4_files/shot500_sig70_reorder.hdf5,shots,500,125.88819058100125,326.0447793889998
0.20477090399981535,64000000,17446,93.53433451794108,1125,9987,73.34534895363973,2657,315.66555528999925,63,5.010564369682528,7859,0.04016612231708859,1,8,s3://psfchdf5/mw_files/v4_files/shot500_sig70_reorder.hdf5,shots,500,125.88819058100125,326.0447793889998
0.20486356500077818,64000000,17413,93.4072244874519,1145,10287,73.04364732186255,2768,325.5989348430012,63,5.168237061000019,7858,0.041435344215194854,2,8,s3://psfchdf5/mw_files/v4_files/shot500_sig70_reorder.hdf5,shots,500,125.88819058100125,326.0447793889998
0.20842845599872817,64000000,17487,93.53233830845771,1128,10171,72.96234391898535,2745,322.1201272170001,63,5.113017892333335,7873,0.040914534131461976,3,8,s3://psfchdf5/mw_files/v4_files/shot500_sig70_reorder.hdf5,shots,500,125.88819058100125,326.0447793889998
0.20596519100035948,64000000,17442,93.44111913771357,1141,10358,73.30565746283067,2760,323.0194463750013,63,5.127292799603195,7875,0.04101834239682556,4,8,s3://psfchdf5/mw_files/v4_files/shot500_sig70_reorder.hdf5,shots,500,125.88819058100125,326.0447793889998
0.20773615700090886,64000000,17403,93.45515141067632,1136,10103,73.33465307334454,2689,317.1000773880005,63,5.033334561714294,7857,0.04035892546620854,5,8,s3://psfchdf5/mw_files/v4_files/shot500_sig70_reorder.hdf5,shots,500,125.88819058100125,326.0447793889998
0.21408942400012165,64000000,17480,93.46109839816934,1140,9942,72.72178636089318,2707,319.93123336400095,63,5.078273545460332,7867,0.04066750138095855,6,8,s3://psfchdf5/mw_files/v4_files/shot500_sig70_reorder.hdf5,shots,500,125.88819058100125,326.0447793889998
0.21628646200042567,64000000,16230,93.41343191620456,1067,9461,73.20579219955607,2529,298.32388319299935,59,5.056337003271175,7347,0.040604856838573476,7,8,s3://psfchdf5/mw_files/v4_files/shot500_sig70_reorder.hdf5,shots,500,125.88819058100125,326.0447793889998
0.20916003900129,64000000,31251,99.81760583661324,56,5997,68.11739202934801,1905,183.4634793059995,4,45.865869826499875,4000,0.04586586982649987,0,16,s3://psfchdf5/mw_files/v4_files/shot500_sig70.hdf5,signals,62,9.594459638001354,222.87942636200023
0.21367839699996694,64000000,26638,99.80103611382236,52,5999,69.46157692948825,1825,196.31294741000056,4,49.07823685250014,4000,0.04907823685250014,1,16,s3://psfchdf5/mw_files/v4_files/shot500_sig70.hdf5,signals,62,9.594459638001354,222.87942636200023
0.20214742200005276,64000000,27489,99.7999199679872,54,5000,64.56,1765,175.11354588699942,4,43.778386471749855,3500,0.050032441681999835,2,16,s3://psfchdf5/mw_files/v4_files/shot500_sig70.hdf5,signals,62,9.594459638001354,222.87942636200023
0.26423215300019365,64000000,27721,99.7943797121316,56,5000,63.980000000000004,1794,181.2989692129995,4,45.32474230324988,3500,0.05179970548942843,3,16,s3://psfchdf5/mw_files/v4_files/shot500_sig70.hdf5,signals,62,9.594459638001354,222.87942636200023
0.32265633000133676,64000000,25817,99.7792152457683,56,5733,67.71323914181056,1844,199.82855451699834,4,49.957138629249584,4000,0.04995713862924958,4,16,s3://psfchdf5/mw_files/v4_files/shot500_sig70.hdf5,signals,62,9.594459638001354,222.87942636200023
0.23269215899927076,64000000,28014,99.81794816877276,50,5498,65.8239359767188,1872,194.16055004699956,4,48.54013751174989,4000,0.04854013751174989,5,16,s3://psfchdf5/mw_files/v4_files/shot500_sig70.hdf5,signals,62,9.594459638001354,222.87942636200023
0.20960311899943918,64000000,30396,99.8091854191341,57,9477,79.93035770813549,1895,206.06500694500028,4,51.51625173625007,3994,0.05159364219954939,6,16,s3://psfchdf5/mw_files/v4_files/shot500_sig70.hdf5,signals,62,9.594459638001354,222.87942636200023
0.22826300300039293,64000000,27964,99.81047060506366,52,6514,71.15443659809641,1872,209.67263132699918,4,52.418157831749795,4500,0.04659391807266648,7,16,s3://psfchdf5/mw_files/v4_files/shot500_sig70.hdf5,signals,62,9.594459638001354,222.87942636200023
0.21407602900035272,64000000,27160,99.8159057437408,49,4699,67.71653543307087,1510,150.27664279300006,4,37.569160698250016,3140,0.04785880343726117,8,16,s3://psfchdf5/mw_files/v4_files/shot500_sig70.hdf5,signals,62,9.594459638001354,222.87942636200023
0.24214026799927524,64000000,30874,99.83157349225887,51,11540,83.62218370883883,1883,222.44004597500134,4,55.610011493750335,4831,0.04604430676361029,9,16,s3://psfchdf5/mw_files/v4_files/shot500_sig70.hdf5,signals,62,9.594459638001354,222.87942636200023
0.3552345209991472,64000000,28897,99.80966882375333,54,6505,71.2990007686395,1860,198.30641059699883,4,49.57660264924971,4500,0.044068091243777516,10,16,s3://psfchdf5/mw_files/v4_files/shot500_sig70.hdf5,signals,62,9.594459638001354,222.87942636200023
0.24492146000011417,64000000,31699,99.81702892835736,57,6223,69.58058814076811,1886,188.1037230689999,4,47.025930767249974,4455,0.0422230579279461,11,16,s3://psfchdf5/mw_files/v4_files/shot500_sig70.hdf5,signals,62,9.594459638001354,222.87942636200023
0.33083142900068196,64000000,23911,99.77834469491029,52,5897,68.49245379006274,1851,185.77467243899991,4,46.44366810974998,4000,0.04644366810974998,12,16,s3://psfchdf5/mw_files/v4_files/shot500_sig70.hdf5,signals,62,9.594459638001354,222.87942636200023
0.20648499700109824,64000000,28971,99.8170584377481,52,6500,71.53846153846153,1843,176.7927556880004,4,44.1981889220001,4494,0.0393397320178016,13,16,s3://psfchdf5/mw_files/v4_files/shot500_sig70.hdf5,signals,62,9.594459638001354,222.87942636200023
0.23705700000027718,64000000,29298,99.81910027988259,52,5497,66.63634709841732,1827,178.3369867069996,4,44.5842466767499,3991,0.044684787448509046,14,16,s3://psfchdf5/mw_files/v4_files/shot500_sig70.hdf5,signals,62,9.594459638001354,222.87942636200023
0.210618015998989,64000000,13984,99.78546910755148,29,1999,55.92796398199099,874,88.80497852199915,2,44.40248926099957,1500,0.0592033190146661,15,16,s3://psfchdf5/mw_files/v4_files/shot500_sig70.hdf5,signals,62,9.594459638001354,222.87942636200023
0.20328469599917298,64000000,17770,99.86494091164884,22,2694,85.52338530066815,384,37.955044234000525,4,9.488761058500131,2642,0.01436602734065122,0,16,s3://psfchdf5/mw_files/v4_files/shot500_sig70_reorder.hdf5,signals,62,125.56458879699858,112.10060027399959
0.21784295500037842,64000000,24987,99.8719334053708,30,4027,86.73950831884778,528,57.769597062000685,4,14.442399265500171,3955,0.014606724920859845,1,16,s3://psfchdf5/mw_files/v4_files/shot500_sig70_reorder.hdf5,signals,62,125.56458879699858,112.10060027399959
0.2689755150004203,64000000,23531,99.86400917938039,31,7577,93.189916853636,509,71.90999020299932,4,17.97749755074983,3996,0.017995493043793626,2,16,s3://psfchdf5/mw_files/v4_files/shot500_sig70_reorder.hdf5,signals,62,125.56458879699858,112.10060027399959
0.20086459499907505,64000000,26638,99.90990314588181,20,4591,87.34480505336528,577,54.8067163529995,4,13.701679088249875,4491,0.012203677655978512,3,16,s3://psfchdf5/mw_files/v4_files/shot500_sig70_reorder.hdf5,signals,62,125.56458879699858,112.10060027399959
0.20440570599930652,64000000,17882,99.92730119673413,11,3570,90.44817927170868,335,36.94040156600022,4,9.235100391500055,3500,0.010554400447428634,4,16,s3://psfchdf5/mw_files/v4_files/shot500_sig70_reorder.hdf5,signals,62,125.56458879699858,112.10060027399959
0.21208885700070823,64000000,21435,99.90669465826919,18,4596,89.73020017406441,466,51.93550747699919,4,12.983876869249798,4494,0.01155663272741415,5,16,s3://psfchdf5/mw_files/v4_files/shot500_sig70_reorder.hdf5,signals,62,125.56458879699858,112.10060027399959
0.2770243400009349,64000000,19533,99.82593559617058,32,3573,85.44640358242374,514,48.81179648199941,4,12.202949120499852,3500,0.013946227566285545,6,16,s3://psfchdf5/mw_files/v4_files/shot500_sig70_reorder.hdf5,signals,62,125.56458879699858,112.10060027399959
0.2664470559993788,64000000,26993,99.73326417960212,68,4981,88.51636217626982,568,68.41480236900134,4,17.103700592250334,4401,0.015545285700750134,7,16,s3://psfchdf5/mw_files/v4_files/shot500_sig70_reorder.hdf5,signals,62,125.56458879699858,112.10060027399959
0.22969054600071104,64000000,20424,99.82373678025851,33,4083,88.58682341415626,461,45.306202574000054,4,11.326550643500013,3998,0.011332216751875951,8,16,s3://psfchdf5/mw_files/v4_files/shot500_sig70_reorder.hdf5,signals,62,125.56458879699858,112.10060027399959
0.4077755749985954,64000000,28665,99.86045700331415,37,4577,87.4590343019445,569,61.76584273099979,4,15.441460682749948,4498,0.01373184587172072,9,16,s3://psfchdf5/mw_files/v4_files/shot500_sig70_reorder.hdf5,signals,62,125.56458879699858,112.10060027399959
0.23913317500046105,64000000,20633,99.86429506130955,26,4583,89.613790093825,470,46.2083827130009,4,11.552095678250225,4500,0.010268529491777978,10,16,s3://psfchdf5/mw_files/v4_files/shot500_sig70_reorder.hdf5,signals,62,125.56458879699858,112.10060027399959
0.26276791199961735,64000000,22282,99.82048290099632,35,3572,88.04591265397536,424,42.63138697300019,4,10.657846743250047,3500,0.012180396278000055,11,16,s3://psfchdf5/mw_files/v4_files/shot500_sig70_reorder.hdf5,signals,62,125.56458879699858,112.10060027399959
0.3926960489989142,64000000,29001,99.76897348367298,64,8010,88.48938826466917,917,111.51567366900053,4,27.878918417250134,4500,0.024781260815333453,12,16,s3://psfchdf5/mw_files/v4_files/shot500_sig70_reorder.hdf5,signals,62,125.56458879699858,112.10060027399959
0.27999212900067505,64000000,28745,99.61036702035136,110,4942,87.65681910157831,604,79.46836586599966,4,19.867091466499915,3930,0.020220958235623324,13,16,s3://psfchdf5/mw_files/v4_files/shot500_sig70_reorder.hdf5,signals,62,125.56458879699858,112.10060027399959
0.1948416970008111,64000000,15962,99.93108633003384,10,4089,89.60626069943751,418,39.6014237140007,4,9.900355928500176,4000,0.009900355928500176,14,16,s3://psfchdf5/mw_files/v4_files/shot500_sig70_reorder.hdf5,signals,62,125.56458879699858,112.10060027399959
0.2066103769993788,64000000,17569,99.86908759747281,21,2538,90.14972419227738,244,27.444461858000068,2,13.722230929000034,2500,0.010977784743200027,15,16,s3://psfchdf5/mw_files/v4_files/shot500_sig70_reorder.hdf5,signals,62,125.56458879699858,112.10060027399959
0.20820628599904012,64000000,9344,99.67893835616438,28,3776,97.5635593220339,86,17.665670886999578,32,0.5520522152187368,3979,0.004439726284744805,0,16,s3://psfchdf5/mw_files/v4_files/shot500_sig70.hdf5,shots,500,9.244330429000911,18.392303313999946
0.21432140500110108,64000000,9409,99.68115633967479,27,3798,97.36703528172723,95,17.858618029000354,32,0.5580818134062611,4002,0.0044624232956022875,1,16,s3://psfchdf5/mw_files/v4_files/shot500_sig70.hdf5,shots,500,9.244330429000911,18.392303313999946
0.34953420700003335,64000000,9344,99.65753424657534,29,3766,97.37121614445034,94,17.755584350999925,32,0.5548620109687477,3984,0.004456722979668656,2,16,s3://psfchdf5/mw_files/v4_files/shot500_sig70.hdf5,shots,500,9.244330429000911,18.392303313999946
0.21522074799941038,64000000,9425,99.6604774535809,30,3798,97.4460242232754,91,17.138991743999213,32,0.5355934919999754,4004,0.004280467468531272,3,16,s3://psfchdf5/mw_files/v4_files/shot500_sig70.hdf5,shots,500,9.244330429000911,18.392303313999946
0.2834404129989707,64000000,9357,99.66869723201881,29,3768,97.50530785562633,88,17.292326237999077,32,0.5403851949374712,3987,0.0043371773860042834,4,16,s3://psfchdf5/mw_files/v4_files/shot500_sig70.hdf5,shots,500,9.244330429000911,18.392303313999946
0.2253639780010417,64000000,9388,99.66979122283767,29,3771,97.50729249535932,88,16.836488991000806,32,0.5261402809687752,3992,0.004217557362475152,5,16,s3://psfchdf5/mw_files/v4_files/shot500_sig70.hdf5,shots,500,9.244330429000911,18.392303313999946
0.20941122099975473,64000000,9427,99.6711573140978,28,3810,97.50656167979002,90,16.98730334100037,32,0.5308532294062616,4008,0.00423834913697614,6,16,s3://psfchdf5/mw_files/v4_files/shot500_sig70.hdf5,shots,500,9.244330429000911,18.392303313999946
0.20954449899909378,64000000,9391,99.66989670961559,29,3779,97.53903148981212,87,16.809466740998687,32,0.525295835656209,3995,0.004207626218022199,7,16,s3://psfchdf5/mw_files/v4_files/shot500_sig70.hdf5,shots,500,9.244330429000911,18.392303313999946
0.2704363529992406,64000000,9375,99.616,34,3791,97.44130836190979,91,17.40231819499968,32,0.54382244359374,3993,0.004358206409967363,8,16,s3://psfchdf5/mw_files/v4_files/shot500_sig70.hdf5,shots,500,9.244330429000911,18.392303313999946
0.43976480700075626,64000000,9371,99.65852096894675,30,3782,97.51454257006876,88,17.48008597899934,32,0.5462526868437294,3991,0.004379876216236367,9,16,s3://psfchdf5/mw_files/v4_files/shot500_sig70.hdf5,shots,500,9.244330429000911,18.392303313999946
0.35189351699955296,64000000,9375,99.65866666666666,30,3786,97.51716851558373,88,17.8381111639992,32,0.557440973874975,3994,0.004466227131697346,10,16,s3://psfchdf5/mw_files/v4_files/shot500_sig70.hdf5,shots,500,9.244330429000911,18.392303313999946
0.25764094199985266,64000000,9347,99.64694554402482,31,3778,97.45897300158815,90,17.6312236019985,32,0.5509757375624531,3988,0.004421069107823094,11,16,s3://psfchdf5/mw_files/v4_files/shot500_sig70.hdf5,shots,500,9.244330429000911,18.392303313999946
0.23895524600084173,64000000,9424,99.63921901528013,32,3794,97.46968898260411,90,17.918202894999922,32,0.5599438404687476,4006,0.004472841461557644,12,16,s3://psfchdf5/mw_files/v4_files/shot500_sig70.hdf5,shots,500,9.244330429000911,18.392303313999946
0.2128098110006249,64000000,9378,99.66943911281723,29,3756,97.44408945686901,90,16.890312806999646,32,0.5278222752187389,3988,0.004235284053911647,13,16,s3://psfchdf5/mw_files/v4_files/shot500_sig70.hdf5,shots,500,9.244330429000911,18.392303313999946
0.21708438600035151,64000000,9412,99.63875903102422,31,3791,97.41493009759957,93,17.05514088400014,32,0.5329731526250043,4003,0.004260589778666035,14,16,s3://psfchdf5/mw_files/v4_files/shot500_sig70.hdf5,shots,500,9.244330429000911,18.392303313999946
0.20676849399933417,64000000,5848,99.58960328317373,22,2355,97.45222929936305,54,11.421241276000728,20,0.5710620638000364,2491,0.004585002519470385,15,16,s3://psfchdf5/mw_files/v4_files/shot500_sig70.hdf5,shots,500,9.244330429000911,18.392303313999946
0.20768930699887278,64000000,8828,93.5432714091527,567,5136,72.99454828660437,1382,184.75907724999888,32,5.773721164062465,3979,0.04643354542598615,0,16,s3://psfchdf5/mw_files/v4_files/shot500_sig70_reorder.hdf5,shots,500,125.38247057700028,205.19155839799896
0.20361249900088296,64000000,8907,93.55563040305378,571,5230,72.63862332695984,1426,194.27423177299897,32,6.071069742906218,4006,0.048495814221916865,1,16,s3://psfchdf5/mw_files/v4_files/shot500_sig70_reorder.hdf5,shots,500,125.38247057700028,205.19155839799896
0.20176584700129752,64000000,8838,93.40348495134646,581,5240,72.93893129770991,1412,194.30384414699984,32,6.071995129593745,3995,0.04863675698297868,2,16,s3://psfchdf5/mw_files/v4_files/shot500_sig70_reorder.hdf5,shots,500,125.38247057700028,205.19155839799896
0.20442677900064155,64000000,8796,93.38335607094133,579,5112,74.49139280125195,1299,201.1368415529996,32,6.285526298531238,3985,0.05047348596060216,3,16,s3://psfchdf5/mw_files/v4_files/shot500_sig70_reorder.hdf5,shots,500,125.38247057700028,205.19155839799896
0.21541887700004736,64000000,8883,93.41438703140831,583,5168,72.79411764705883,1400,186.32699259900073,32,5.822718518718773,3989,0.0467102012030586,4,16,s3://psfchdf5/mw_files/v4_files/shot500_sig70_reorder.hdf5,shots,500,125.38247057700028,205.19155839799896
0.21276974600004905,64000000,8833,93.47899920751726,573,5354,73.23496451251401,1428,183.38207004000105,32,5.730689688750033,3982,0.04605275490708213,5,16,s3://psfchdf5/mw_files/v4_files/shot500_sig70_reorder.hdf5,shots,500,125.38247057700028,205.19155839799896
0.5339765430016996,64000000,8890,93.40832395950505,584,5346,72.67115600448933,1455,195.08706812899982,32,6.096470879031244,3999,0.04878396302300571,6,16,s3://psfchdf5/mw_files/v4_files/shot500_sig70_reorder.hdf5,shots,500,125.38247057700028,205.19155839799896
0.21413466299964057,64000000,8740,92.94050343249428,614,5145,73.76093294460642,1345,191.55914508500064,32,5.98622328390627,3969,0.048263830961199454,7,16,s3://psfchdf5/mw_files/v4_files/shot500_sig70_reorder.hdf5,shots,500,125.38247057700028,205.19155839799896
0.23952512899995781,64000000,8866,93.49199187908866,574,5158,73.32299340829779,1371,191.43645557500167,32,5.982389236718802,4000,0.047859113893750416,8,16,s3://psfchdf5/mw_files/v4_files/shot500_sig70_reorder.hdf5,shots,500,125.38247057700028,205.19155839799896
0.3006050320000213,64000000,8906,93.48753649225242,577,4954,71.51796528058135,1406,204.6908592389991,32,6.396589351218722,3989,0.0513138278362996,9,16,s3://psfchdf5/mw_files/v4_files/shot500_sig70_reorder.hdf5,shots,500,125.38247057700028,205.19155839799896
0.20257963699987158,64000000,8901,93.47264352319964,578,5121,72.48584260886545,1404,204.5232832519996,32,6.3913526016249875,4004,0.051079741071927975,10,16,s3://psfchdf5/mw_files/v4_files/shot500_sig70_reorder.hdf5,shots,500,125.38247057700028,205.19155839799896
0.6158487299999251,64000000,8891,93.79147452480035,549,5141,73.21532775724567,1372,196.1107330499999,32,6.128460407812497,4000,0.049027683262499976,11,16,s3://psfchdf5/mw_files/v4_files/shot500_sig70_reorder.hdf5,shots,500,125.38247057700028,205.19155839799896
0.21997312800158397,64000000,8872,93.46257889990983,577,5156,73.19627618308766,1377,195.25038327199945,32,6.101574477249983,3997,0.04884923274255678,12,16,s3://psfchdf5/mw_files/v4_files/shot500_sig70_reorder.hdf5,shots,500,125.38247057700028,205.19155839799896
0.21348897900134034,64000000,8873,93.47458582215711,576,5164,74.36096049573973,1319,174.68399062299977,32,5.458874706968743,4001,0.04366008263509117,13,16,s3://psfchdf5/mw_files/v4_files/shot500_sig70_reorder.hdf5,shots,500,125.38247057700028,205.19155839799896
0.21369207200041274,64000000,8907,93.43213203098686,583,5142,72.87047841306884,1389,201.34386956899834,32,6.291995924031198,4004,0.05028568171053905,14,16,s3://psfchdf5/mw_files/v4_files/shot500_sig70_reorder.hdf5,shots,500,125.38247057700028,205.19155839799896
0.24159567799870274,64000000,5572,93.44938980617373,362,3259,72.75237803007057,883,115.07769672699942,20,5.753884836349971,2506,0.04592086860614502,15,16,s3://psfchdf5/mw_files/v4_files/shot500_sig70_reorder.hdf5,shots,500,125.38247057700028,205.19155839799896
0.2047250109990273,264000000,184608,99.68636245449818,577,76789,63.82033885061662,27751,2534.0246987970004,62,40.87136610962904,62405,0.04060611647779826,0,1,s3://psfchdf5/mw_files/v4_files/shot500_sig70.hdf5,signals,62,9.252049196000371,2534.6488920459997
0.20433070000217413,264000000,161077,99.88701056016687,181,71959,89.34115260078656,7638,749.5270319070005,62,12.089145675919363,62405,0.012010688757423291,0,1,s3://psfchdf5/mw_files/v4_files/shot500_sig70_reorder.hdf5,signals,62,9.55681601499964,750.1853822129997
0.2236075750006421,264000000,146426,99.8914127272479,152,59100,97.55499153976311,1419,260.7130033169997,500,0.5214260066339993,62405,0.004177758245605315,0,1,s3://psfchdf5/mw_files/v4_files/shot500_sig70.hdf5,shots,500,9.51768500199978,261.0848653880021
0.20345445500061032,264000000,138338,98.14150847923203,2565,79689,75.72814315652097,19315,1946.557731429999,500,3.8931154628599978,62405,0.03119233605368158,0,1,s3://psfchdf5/mw_files/v4_files/shot500_sig70_reorder.hdf5,shots,500,9.365052895998815,1946.8915002050016
0.20427129000017885,264000000,106177,99.70991834389746,306,40811,64.54142265565656,14440,1295.6764316209992,32,40.489888488156225,32839,0.03945541677946951,0,2,s3://psfchdf5/mw_files/v4_files/shot500_sig70.hdf5,signals,62,9.480958862000989,1296.2028622350008
0.206013940001867,264000000,96303,99.70613584208176,281,38075,65.08207485226527,13264,1185.9490832099982,30,39.53163610699994,29566,0.04011192191064054,1,2,s3://psfchdf5/mw_files/v4_files/shot500_sig70.hdf5,signals,62,9.480958862000989,1296.2028622350008
0.2048961500004225,264000000,96434,99.89111724080718,104,32560,87.6105651105651,4002,373.4914069009974,32,11.671606465656168,31496,0.01185837588585844,0,2,s3://psfchdf5/mw_files/v4_files/shot500_sig70_reorder.hdf5,signals,62,9.698287170002004,376.42249373400045
0.20456420700065792,264000000,91207,99.90351617748637,87,39423,90.77695761357583,3604,375.99825913899986,30,12.533275304633328,30909,0.012164685338865697,1,2,s3://psfchdf5/mw_files/v4_files/shot500_sig70_reorder.hdf5,signals,62,9.698287170002004,376.42249373400045
0.2025047019997146,264000000,73612,99.87502037711242,86,29723,97.5507182989604,701,113.54670631699992,251,0.45237731600398373,31362,0.0036205186632548916,0,2,s3://psfchdf5/mw_files/v4_files/shot500_sig70.hdf5,shots,500,9.368186360999971,113.89187721499911
0.20648299399908865,264000000,72821,99.87640927754356,84,29373,97.53174684233821,698,111.70992561700041,249,0.44863423942570446,31043,0.00359855444438361,1,2,s3://psfchdf5/mw_files/v4_files/shot500_sig70.hdf5,shots,500,9.368186360999971,113.89187721499911
0.20406782399732037,264000000,69434,98.11619667598008,1301,40001,75.71810704732381,9687,953.8081331350004,251,3.8000324029282884,31329,0.030444895564333378,0,2,s3://psfchdf5/mw_files/v4_files/shot500_sig70_reorder.hdf5,shots,500,9.315286667999317,954.1354132009983
0.20336701999985962,264000000,68911,98.09899725733192,1304,39851,75.74966751148027,9637,948.621772819999,249,3.80972599526104,31076,0.030525864745140914,1,2,s3://psfchdf5/mw_files/v4_files/shot500_sig70_reorder.hdf5,shots,500,9.315286667999317,954.1354132009983
0.2023841789996368,264000000,62129,99.7505190812664,153,19311,63.98943607270468,6923,607.9208517229999,16,37.995053232687496,15063,0.0403585508678882,0,4,s3://psfchdf5/mw_files/v4_files/shot500_sig70.hdf5,signals,62,9.325365220000094,648.1021560770023
0.20205504100158578,264000000,60168,99.7390639542614,155,19014,61.28116124960555,7331,647.6920765230025,16,40.480754782687654,15393,0.042077052980120995,1,4,s3://psfchdf5/mw_files/v4_files/shot500_sig70.hdf5,signals,62,9.325365220000094,648.1021560770023
0.2021782699994219,264000000,59841,99.73763807423003,155,23583,69.56282067591061,7147,642.1605059370013,16,40.13503162106258,16000,0.04013503162106258,2,4,s3://psfchdf5/mw_files/v4_files/shot500_sig70.hdf5,signals,62,9.325365220000094,648.1021560770023
0.20278341300218017,264000000,60246,99.7692792882515,137,23851,72.5168756027001,6524,577.1605393460013,14,41.225752810428666,15949,0.036187882584864335,3,4,s3://psfchdf5/mw_files/v4_files/shot500_sig70.hdf5,signals,62,9.325365220000094,648.1021560770023
0.22017701799995848,264000000,57870,99.89286331432521,57,16313,88.91068472996996,1781,175.42268569500084,16,10.963917855937552,15070,0.011640523271068404,0,4,s3://psfchdf5/mw_files/v4_files/shot500_sig70_reorder.hdf5,signals,62,9.508904952999728,210.640471237999
0.20329956900241086,264000000,65633,99.91315344415158,53,17148,87.75950548168882,2070,196.74651954399815,16,12.296657471499884,16356,0.012029011955490226,1,4,s3://psfchdf5/mw_files/v4_files/shot500_sig70_reorder.hdf5,signals,62,9.508904952999728,210.640471237999
0.2208645089995116,264000000,56890,99.89277553172789,56,20762,89.65899238994317,2119,210.22846437800035,16,13.139279023625022,16989,0.012374387213961996,2,4,s3://psfchdf5/mw_files/v4_files/shot500_sig70_reorder.hdf5,signals,62,9.508904952999728,210.640471237999
0.20893715000056545,264000000,47493,99.90735476807109,39,17773,90.90192989365892,1589,163.43479088599997,14,11.673913634714284,13990,0.011682258104789133,3,4,s3://psfchdf5/mw_files/v4_files/shot500_sig70_reorder.hdf5,signals,62,9.508904952999728,210.640471237999
0.20358995200149366,264000000,36927,99.88355403905001,37,14884,97.52082773447998,342,51.6492726960023,126,0.4099148626666849,15722,0.00328515918432784,0,4,s3://psfchdf5/mw_files/v4_files/shot500_sig70.hdf5,shots,500,9.198082926999632,53.613346037000156
0.20210754399886355,264000000,36884,99.86986227090338,42,14885,97.5680214981525,335,51.20553574099904,126,0.4063931408015797,15720,0.0032573496018447226,1,4,s3://psfchdf5/mw_files/v4_files/shot500_sig70.hdf5,shots,500,9.198082926999632,53.613346037000156
0.20320270199954393,264000000,36886,99.87258038280106,40,14904,97.51073537305422,345,53.24932895999882,126,0.42261372190475255,15723,0.0033867155733637868,2,4,s3://psfchdf5/mw_files/v4_files/shot500_sig70.hdf5,shots,500,9.198082926999632,53.613346037000156
0.20483377799973823,264000000,35766,99.88257003858413,35,14431,97.55387707019611,327,49.70099181400292,122,0.4073851788033026,15240,0.0032612199353020286,3,4,s3://psfchdf5/mw_files/v4_files/shot500_sig70.hdf5,shots,500,9.198082926999632,53.613346037000156
0.20957017799810274,264000000,34784,98.13132474701011,643,20171,75.75727529621734,4864,475.96877824600233,126,3.7775299860793834,15699,0.03031841379998741,0,4,s3://psfchdf5/mw_files/v4_files/shot500_sig70_reorder.hdf5,shots,500,9.487174497000524,480.50275789700027
0.20022368900026777,264000000,34836,98.1398553220806,641,20202,75.84397584397584,4854,473.34560470200086,126,3.756711148428578,15716,0.030118707349325584,1,4,s3://psfchdf5/mw_files/v4_files/shot500_sig70_reorder.hdf5,shots,500,9.487174497000524,480.50275789700027
0.20675320199734415,264000000,34901,98.10607145927051,655,20322,75.87343765377423,4876,480.1528776990017,126,3.8107371245952515,15737,0.030511080745949146,2,4,s3://psfchdf5/mw_files/v4_files/shot500_sig70_reorder.hdf5,shots,500,9.487174497000524,480.50275789700027
0.19953378599893767,264000000,33861,98.08924721656183,641,19648,75.64637622149837,4758,465.11016525800005,122,3.812378403754099,15253,0.030493028601455453,3,4,s3://psfchdf5/mw_files/v4_files/shot500_sig70_reorder.hdf5,shots,500,9.487174497000524,480.50275789700027
0.206498642997758,264000000,41075,99.79793061472915,81,14187,73.89863959963347,3672,335.20393050500206,8,41.90049131312526,8000,0.04190049131312526,0,8,s3://psfchdf5/mw_files/v4_files/shot500_sig70.hdf5,signals,62,9.34347612900092,335.54365345100086
0.2059463509976922,264000000,37167,99.78206473484543,79,9909,63.518013926733275,3584,308.75746234799954,8,38.59468279349994,7500,0.041167661646399935,1,8,s3://psfchdf5/mw_files/v4_files/shot500_sig70.hdf5,signals,62,9.34347612900092,335.54365345100086
0.2027229159975832,264000000,42633,99.80062392981962,83,11847,68.59120452435215,3690,320.2188174109979,8,40.027352176374734,8500,0.03767280204835269,2,8,s3://psfchdf5/mw_files/v4_files/shot500_sig70.hdf5,signals,62,9.34347612900092,335.54365345100086
0.20690670000112732,264000000,39403,99.79189401822197,80,10223,65.80260197593661,3465,314.8295210360011,8,39.35369012950014,7385,0.042630943945294666,3,8,s3://psfchdf5/mw_files/v4_files/shot500_sig70.hdf5,signals,62,9.34347612900092,335.54365345100086
0.2051083740007016,264000000,41616,99.80055747789311,81,11325,67.13465783664459,3691,326.8473338750009,8,40.855916734375114,8395,0.03893357163490183,4,8,s3://psfchdf5/mw_files/v4_files/shot500_sig70.hdf5,signals,62,9.34347612900092,335.54365345100086
0.20155571400027839,264000000,38272,99.78051839464884,82,10737,65.47452733538233,3676,318.82737333600016,8,39.85342166700002,7996,0.03987335834617311,5,8,s3://psfchdf5/mw_files/v4_files/shot500_sig70.hdf5,signals,62,9.34347612900092,335.54365345100086
0.20298574600019492,264000000,39048,99.80024585125999,76,14340,76.76429567642957,3301,305.2068023890024,8,38.1508502986253,7638,0.03995899481395685,6,8,s3://psfchdf5/mw_files/v4_files/shot500_sig70.hdf5,signals,62,9.34347612900092,335.54365345100086
0.20559773000059067,264000000,42019,99.84530807491849,63,9248,68.5878027681661,2874,252.3879936930025,6,42.06466561550042,6991,0.03610184432742133,7,8,s3://psfchdf5/mw_files/v4_files/shot500_sig70.hdf5,signals,62,9.34347612900092,335.54365345100086
0.20627459199749865,264000000,36222,99.92822041853017,21,7655,88.20378837361201,875,80.2345270520018,8,10.029315881500224,7500,0.010697936940266906,0,8,s3://psfchdf5/mw_files/v4_files/shot500_sig70_reorder.hdf5,signals,62,9.432677128999785,132.11181980200126
0.2014991159994679,264000000,36068,99.91127869579682,27,7657,88.33746898263027,865,82.27759476500069,8,10.284699345625086,7500,0.010970345968666757,1,8,s3://psfchdf5/mw_files/v4_files/shot500_sig70_reorder.hdf5,signals,62,9.432677128999785,132.11181980200126
0.20577248799963854,264000000,38834,99.92789823350672,26,12609,89.96748354350068,1234,127.67742663600075,8,15.959678329500093,9000,0.014186380737333417,2,8,s3://psfchdf5/mw_files/v4_files/shot500_sig70_reorder.hdf5,signals,62,9.432677128999785,132.11181980200126
0.20263195599909523,264000000,36757,99.89933890143374,34,12498,90.32645223235718,1179,131.73622638099914,8,16.467028297624893,7926,0.016620770424047332,3,8,s3://psfchdf5/mw_files/v4_files/shot500_sig70_reorder.hdf5,signals,62,9.432677128999785,132.11181980200126
0.20938807600032305,264000000,40316,99.91318583192778,34,10005,89.92503748125938,976,94.76544744499915,8,11.845680930624894,9356,0.010128842180953309,4,8,s3://psfchdf5/mw_files/v4_files/shot500_sig70_reorder.hdf5,signals,62,9.432677128999785,132.11181980200126
0.20178870699965046,264000000,39694,99.91686400967401,30,8198,88.78994876799219,889,81.54160216200034,8,10.192700270250043,7990,0.01020545709161456,5,8,s3://psfchdf5/mw_files/v4_files/shot500_sig70_reorder.hdf5,signals,62,9.432677128999785,132.11181980200126
0.20987312000215752,264000000,37216,99.91132846087704,31,7805,88.91736066623959,834,77.22949291500117,8,9.653686614375147,7642,0.010105926840486936,6,8,s3://psfchdf5/mw_files/v4_files/shot500_sig70_reorder.hdf5,signals,62,9.432677128999785,132.11181980200126
0.2215670260011393,264000000,28537,99.91589865788275,18,5574,89.00251166128453,586,54.56729806400108,6,9.094549677333513,5491,0.00993758842906594,7,8,s3://psfchdf5/mw_files/v4_files/shot500_sig70_reorder.hdf5,signals,62,9.432677128999785,132.11181980200126
0.21144917900164728,264000000,18582,99.87622430308902,18,7496,97.49199573105656,160,27.276261768998666,63,0.4329565360158518,7895,0.003454877994806671,0,8,s3://psfchdf5/mw_files/v4_files/shot500_sig70.hdf5,shots,500,9.349664721001318,28.12221860199861
0.20977047399719595,264000000,18404,99.88589437078896,14,7431,97.67191495088144,147,26.203725520997978,63,0.41593215112695203,7850,0.0033380542064965577,1,8,s3://psfchdf5/mw_files/v4_files/shot500_sig70.hdf5,shots,500,9.349664721001318,28.12221860199861
0.218080373997509,264000000,18395,99.84778472410981,20,7408,97.59719222462203,153,26.215750398001546,63,0.41612302219050074,7839,0.003344272279372566,2,8,s3://psfchdf5/mw_files/v4_files/shot500_sig70.hdf5,shots,500,9.349664721001318,28.12221860199861
0.20663751399843022,264000000,18477,99.86469664988905,19,7458,97.6803432555645,146,25.8023283980001,63,0.4095607682222238,7871,0.0032781512384703467,3,8,s3://psfchdf5/mw_files/v4_files/shot500_sig70.hdf5,shots,500,9.349664721001318,28.12221860199861
0.20529705199805903,264000000,18479,99.88094593863305,17,7442,97.70223058317656,143,25.352093377001438,63,0.4024141805873244,7871,0.003220949482530992,4,8,s3://psfchdf5/mw_files/v4_files/shot500_sig70.hdf5,shots,500,9.349664721001318,28.12221860199861
0.20736949499769253,264000000,18418,99.84797480725376,20,7443,97.43383044471315,166,27.737924290999217,63,0.44028451255554313,7854,0.0035316939509802926,5,8,s3://psfchdf5/mw_files/v4_files/shot500_sig70.hdf5,shots,500,9.349664721001318,28.12221860199861
0.2027559010020923,264000000,18466,99.86461605112098,20,7459,97.54658801447916,155,26.71983164300036,63,0.4241243117936565,7864,0.00339774054463382,6,8,s3://psfchdf5/mw_files/v4_files/shot500_sig70.hdf5,shots,500,9.349664721001318,28.12221860199861
0.20536268500291044,264000000,17281,99.8842659568312,15,6965,97.40129217516153,153,25.143689224998525,59,0.42616422415251737,7361,0.0034157980199699123,7,8,s3://psfchdf5/mw_files/v4_files/shot500_sig70.hdf5,shots,500,9.349664721001318,28.12221860199861
0.20771021899781772,264000000,17459,98.14422360959963,318,10033,75.54071563839331,2427,239.5661773449974,63,3.8026377356348795,7876,0.030417239378491293,0,8,s3://psfchdf5/mw_files/v4_files/shot500_sig70_reorder.hdf5,shots,500,9.267860852000013,246.92980406900097
0.20812713600025745,264000000,17455,98.14379833858493,315,10076,75.8832870186582,2406,236.48797209699842,63,3.7537773348729906,7873,0.03003784733862548,1,8,s3://psfchdf5/mw_files/v4_files/shot500_sig70_reorder.hdf5,shots,500,9.267860852000013,246.92980406900097
0.20693845099958708,264000000,17477,97.99736796933112,344,10313,75.67148259478328,2482,246.59051099799763,63,3.9141350952063116,7871,0.03132899390140994,2,8,s3://psfchdf5/mw_files/v4_files/shot500_sig70_reorder.hdf5,shots,500,9.267860852000013,246.92980406900097
0.20886693200009177,264000000,17366,98.0939767361511,325,9919,75.5418893033572,2399,237.9192272299988,63,3.7764956703174413,7835,0.030366206410976235,3,8,s3://psfchdf5/mw_files/v4_files/shot500_sig70_reorder.hdf5,shots,500,9.267860852000013,246.92980406900097
0.20472504600184038,264000000,17457,98.06381394283096,332,10116,75.77105575326216,2424,239.4809790649997,63,3.801285381984122,7865,0.030448948387158257,4,8,s3://psfchdf5/mw_files/v4_files/shot500_sig70_reorder.hdf5,shots,500,9.267860852000013,246.92980406900097
0.21025570500205504,264000000,17377,98.0549001553778,332,10188,75.85394581861013,2433,240.8718448010004,63,3.8233626158888954,7849,0.030688220767104143,5,8,s3://psfchdf5/mw_files/v4_files/shot500_sig70_reorder.hdf5,shots,500,9.267860852000013,246.92980406900097
0.20661470300183282,264000000,17448,98.09720311783585,324,10123,76.05452928973624,2399,237.12855601900083,63,3.7639453336349336,7866,0.030146015257945694,6,8,s3://psfchdf5/mw_files/v4_files/shot500_sig70_reorder.hdf5,shots,500,9.267860852000013,246.92980406900097
0.20473346400103765,264000000,16385,98.14464449191334,296,9509,75.92806814596698,2264,222.45252413599883,59,3.7703817650169293,7370,0.03018351752184516,7,8,s3://psfchdf5/mw_files/v4_files/shot500_sig70_reorder.hdf5,shots,500,9.267860852000013,246.92980406900097
0.21951774500121246,264000000,26070,99.82355197545071,44,6013,69.7987693331116,1785,171.6732209110014,4,42.91830522775035,4455,0.03853495418877697,0,16,s3://psfchdf5/mw_files/v4_files/shot500_sig70.hdf5,signals,62,9.263072738001938,225.92355098999906
0.21609391899983166,264000000,27428,99.83593408196005,43,6203,69.99838787683379,1830,182.88778954000009,4,45.72194738500002,4494,0.04069599233199824,1,16,s3://psfchdf5/mw_files/v4_files/shot500_sig70.hdf5,signals,62,9.263072738001938,225.92355098999906
0.20506337099868688,264000000,30762,99.85046485924191,44,5994,68.33500166833501,1867,192.64067983899804,4,48.16016995974951,4000,0.04816016995974951,2,16,s3://psfchdf5/mw_files/v4_files/shot500_sig70.hdf5,signals,62,9.263072738001938,225.92355098999906
0.20313864499985357,264000000,25092,99.82065997130559,43,5772,68.32986832986833,1797,186.01497385200128,4,46.50374346300032,4000,0.04650374346300032,3,16,s3://psfchdf5/mw_files/v4_files/shot500_sig70.hdf5,signals,62,9.263072738001938,225.92355098999906
0.41368840399809415,264000000,30214,99.84775269742502,44,9687,80.46866935067615,1861,223.18127267899763,4,55.79531816974941,4487,0.04973953034967631,4,16,s3://psfchdf5/mw_files/v4_files/shot500_sig70.hdf5,signals,62,9.263072738001938,225.92355098999906
0.2117194250022294,264000000,31903,99.85894743441057,43,10442,81.6318712890251,1887,191.2576494510031,4,47.81441236275077,5000,0.03825152989020062,5,16,s3://psfchdf5/mw_files/v4_files/shot500_sig70.hdf5,signals,62,9.263072738001938,225.92355098999906
0.21591215499938698,264000000,29616,99.8413019989195,45,5882,68.36110166609997,1830,165.66905849199975,4,41.41726462299994,4000,0.04141726462299994,6,16,s3://psfchdf5/mw_files/v4_files/shot500_sig70.hdf5,signals,62,9.263072738001938,225.92355098999906
0.21703522499956307,264000000,22397,99.81247488502925,40,3702,61.77741761210157,1384,141.6075748209987,4,35.40189370524968,2642,0.053598627865631604,7,16,s3://psfchdf5/mw_files/v4_files/shot500_sig70.hdf5,signals,62,9.263072738001938,225.92355098999906
0.24663997999959975,264000000,29148,99.83532317826266,46,5997,68.50091712522928,1858,193.11709562200122,4,48.279273905500304,3998,0.048303425618309456,8,16,s3://psfchdf5/mw_files/v4_files/shot500_sig70.hdf5,signals,62,9.263072738001938,225.92355098999906
0.21820212700185948,264000000,30595,99.84638012747182,45,6822,72.2661975960129,1861,195.99819325299904,4,48.99954831324976,3930,0.04987231380483436,9,16,s3://psfchdf5/mw_files/v4_files/shot500_sig70.hdf5,signals,62,9.263072738001938,225.92355098999906
0.19239624300098512,264000000,29167,99.83885898446874,45,5710,67.39054290718039,1831,186.64617847200134,4,46.661544618000335,4000,0.04666154461800034,10,16,s3://psfchdf5/mw_files/v4_files/shot500_sig70.hdf5,signals,62,9.263072738001938,225.92355098999906
0.3836249300002237,264000000,25679,99.81697106585148,45,6502,71.22423869578591,1840,199.75956663499892,4,49.93989165874973,4500,0.04439101480777754,11,16,s3://psfchdf5/mw_files/v4_files/shot500_sig70.hdf5,signals,62,9.263072738001938,225.92355098999906
0.7948642070005008,264000000,32611,99.85587685136917,45,6720,71.13095238095238,1909,224.92999608600076,4,56.23249902150019,4399,0.05113207458195061,12,16,s3://psfchdf5/mw_files/v4_files/shot500_sig70.hdf5,signals,62,9.263072738001938,225.92355098999906
0.23016317300061928,264000000,21790,99.79348324919688,43,3000,46.0,1589,154.64212743200187,4,38.66053185800047,2500,0.06185685097280075,13,16,s3://psfchdf5/mw_files/v4_files/shot500_sig70.hdf5,signals,62,9.263072738001938,225.92355098999906
0.2076630949995888,264000000,26952,99.82932620955773,44,5000,63.080000000000005,1815,167.6514947809992,4,41.9128736952498,3500,0.04790042708028549,14,16,s3://psfchdf5/mw_files/v4_files/shot500_sig70.hdf5,signals,62,9.263072738001938,225.92355098999906
0.22049355299895979,264000000,19305,99.87049987049987,23,3516,72.58248009101251,933,87.29872630399768,2,43.64936315199884,2500,0.034919490521599074,15,16,s3://psfchdf5/mw_files/v4_files/shot500_sig70.hdf5,signals,62,9.263072738001938,225.92355098999906
0.24245739400066668,264000000,26409,99.92426824188723,15,4080,86.5686274509804,520,53.69014555100148,4,13.42253638775037,3998,0.013429251013256998,0,16,s3://psfchdf5/mw_files/v4_files/shot500_sig70_reorder.hdf5,signals,62,9.590861837001285,82.60541422000097
0.23688614099955885,264000000,25245,99.95642701525055,10,3571,86.61439372724728,446,48.40968756900111,4,12.102421892250277,3500,0.013831339305428889,1,16,s3://psfchdf5/mw_files/v4_files/shot500_sig70_reorder.hdf5,signals,62,9.590861837001285,82.60541422000097
0.20561762400029693,264000000,22003,99.91364813889015,16,3189,82.94136092819066,514,51.754259990997525,4,12.938564997749381,3142,0.016471756839910097,2,16,s3://psfchdf5/mw_files/v4_files/shot500_sig70_reorder.hdf5,signals,62,9.590861837001285,82.60541422000097
0.21509313299975474,264000000,22763,99.9209243069894,13,4088,89.11448140900195,417,46.62900335999802,4,11.657250839999506,3992,0.011680612064127762,3,16,s3://psfchdf5/mw_files/v4_files/shot500_sig70_reorder.hdf5,signals,62,9.590861837001285,82.60541422000097
0.2126384440016409,264000000,23941,99.94152291048827,11,4598,86.55937364071336,588,63.210342104997835,4,15.802585526249459,4500,0.014046742689999519,4,16,s3://psfchdf5/mw_files/v4_files/shot500_sig70_reorder.hdf5,signals,62,9.590861837001285,82.60541422000097
0.20679669300079695,264000000,23664,99.93238674780257,12,4574,87.69129864451246,534,51.33772489600233,4,12.834431224000582,4491,0.011431245801826393,5,16,s3://psfchdf5/mw_files/v4_files/shot500_sig70_reorder.hdf5,signals,62,9.590861837001285,82.60541422000097
0.20409767700039083,264000000,23845,99.91193122247851,15,3573,89.39266722642037,352,41.86378272100046,4,10.465945680250115,3500,0.011961080777428704,6,16,s3://psfchdf5/mw_files/v4_files/shot500_sig70_reorder.hdf5,signals,62,9.590861837001285,82.60541422000097
0.20361284500177135,264000000,18313,99.92901217714191,12,3568,89.54596412556054,341,39.43254249700112,4,9.85813562425028,3500,0.011266440713428891,7,16,s3://psfchdf5/mw_files/v4_files/shot500_sig70_reorder.hdf5,signals,62,9.590861837001285,82.60541422000097
0.22276748700096505,264000000,24629,99.9269154249056,15,4025,88.04968944099379,451,48.63465408800039,4,12.158663522000097,3955,0.012297004826295926,8,16,s3://psfchdf5/mw_files/v4_files/shot500_sig70_reorder.hdf5,signals,62,9.590861837001285,82.60541422000097
0.2910768340007053,264000000,24187,99.92144540455617,16,5460,90.62271062271063,482,59.22947151600238,4,14.807367879000594,4430,0.013370083863657421,9,16,s3://psfchdf5/mw_files/v4_files/shot500_sig70_reorder.hdf5,signals,62,9.590861837001285,82.60541422000097
0.26245145500070066,264000000,19269,99.9377238050755,11,4091,89.61134197017844,393,39.892276793001656,4,9.973069198250414,4000,0.009973069198250414,10,16,s3://psfchdf5/mw_files/v4_files/shot500_sig70_reorder.hdf5,signals,62,9.590861837001285,82.60541422000097
0.32194335300300736,264000000,22592,99.92032577903683,12,4091,90.49132241505744,362,38.97664174400052,4,9.74416043600013,4000,0.00974416043600013,11,16,s3://psfchdf5/mw_files/v4_files/shot500_sig70_reorder.hdf5,signals,62,9.590861837001285,82.60541422000097
0.429090947000077,264000000,24886,99.92365185244716,18,8536,92.45548266166823,612,81.95766043800177,4,20.48941510950044,5000,0.016391532087600354,12,16,s3://psfchdf5/mw_files/v4_files/shot500_sig70_reorder.hdf5,signals,62,9.590861837001285,82.60541422000097
0.2290741420001723,264000000,25728,99.93003731343283,15,7567,93.20734769393418,484,68.5149187370007,4,17.128729684250175,3996,0.017145875559809984,13,16,s3://psfchdf5/mw_files/v4_files/shot500_sig70_reorder.hdf5,signals,62,9.590861837001285,82.60541422000097
0.20616451900059474,264000000,29938,99.93653550671388,13,4942,89.51841359773371,491,57.973387115998776,4,14.493346778999694,4401,0.013172775986366457,14,16,s3://psfchdf5/mw_files/v4_files/shot500_sig70_reorder.hdf5,signals,62,9.590861837001285,82.60541422000097
0.3304924330004724,264000000,17411,99.94256504508644,4,2049,87.94533918984871,220,28.835637477001,2,14.4178187385005,2000,0.014417818738500501,15,16,s3://psfchdf5/mw_files/v4_files/shot500_sig70_reorder.hdf5,signals,62,9.590861837001285,82.60541422000097
0.19946733200049493,264000000,9345,99.82878544676298,9,3759,97.44612928970471,70,15.10707339900182,32,0.47209604371880687,3978,0.003797655454751589,0,16,s3://psfchdf5/mw_files/v4_files/shot500_sig70.hdf5,shots,500,9.440900507997867,16.268789453002682
0.23555773699990823,264000000,9397,99.81909119931893,12,3796,97.44467860906218,69,15.93484179799998,32,0.49796380618749936,3999,0.003984706626156534,1,16,s3://psfchdf5/mw_files/v4_files/shot500_sig70.hdf5,shots,500,9.440900507997867,16.268789453002682
0.27135618700049235,264000000,9400,99.86170212765958,7,3794,97.52240379546653,67,15.303273116998753,32,0.478227284906211,4000,0.0038258182792496884,2,16,s3://psfchdf5/mw_files/v4_files/shot500_sig70.hdf5,shots,500,9.440900507997867,16.268789453002682
0.27255218400023296,264000000,9396,99.8297147722435,9,3793,97.5481149485895,67,15.397432959998696,32,0.48116977999995925,4001,0.003848396140964433,3,16,s3://psfchdf5/mw_files/v4_files/shot500_sig70.hdf5,shots,500,9.440900507997867,16.268789453002682
0.22651608399974066,264000000,9370,99.86125933831377,6,3767,97.74356251659145,59,14.209740539998165,32,0.44405439187494267,3988,0.0035631245085251165,4,16,s3://psfchdf5/mw_files/v4_files/shot500_sig70.hdf5,shots,500,9.440900507997867,16.268789453002682
0.2311673910007812,264000000,9415,99.84067976633033,9,3793,97.57447930398102,65,15.275628932999098,32,0.4773634041562218,4005,0.003814139558801273,5,16,s3://psfchdf5/mw_files/v4_files/shot500_sig70.hdf5,shots,500,9.440900507997867,16.268789453002682
0.20699901999978465,264000000,9363,99.8504752750187,7,3778,97.45897300158815,70,15.43131491099848,32,0.4822285909687025,3987,0.0038704075522945774,6,16,s3://psfchdf5/mw_files/v4_files/shot500_sig70.hdf5,shots,500,9.440900507997867,16.268789453002682
0.2212438310016296,264000000,9371,99.8506029239142,7,3788,97.54487856388594,67,15.203678976002266,32,0.4751149680000708,3989,0.003811401097017364,7,16,s3://psfchdf5/mw_files/v4_files/shot500_sig70.hdf5,shots,500,9.440900507997867,16.268789453002682
0.2523572200007038,264000000,9362,99.83977782525102,9,3773,97.64113437582826,62,15.156099865002034,32,0.47362812078131356,3989,0.0037994735184261803,8,16,s3://psfchdf5/mw_files/v4_files/shot500_sig70.hdf5,shots,500,9.440900507997867,16.268789453002682
0.21665214499807917,264000000,9358,99.83970933960248,9,3778,97.53838009528852,66,15.092879695999727,32,0.4716524904999915,3988,0.003784573644934736,9,16,s3://psfchdf5/mw_files/v4_files/shot500_sig70.hdf5,shots,500,9.440900507997867,16.268789453002682
0.22480850699867005,264000000,9383,99.82947884471918,9,3769,97.53250198991775,67,14.868573161998938,32,0.4646429113124668,3992,0.003724592475450636,10,16,s3://psfchdf5/mw_files/v4_files/shot500_sig70.hdf5,shots,500,9.440900507997867,16.268789453002682
0.3835583170002792,264000000,9354,99.81825956809921,11,3770,97.40053050397877,71,15.495683414999803,32,0.48424010671874385,3986,0.0038875271989462627,11,16,s3://psfchdf5/mw_files/v4_files/shot500_sig70.hdf5,shots,500,9.440900507997867,16.268789453002682
0.20380020100128604,264000000,9445,99.8200105876125,11,3807,97.50459679537694,68,15.376026420999551,32,0.480500825656236,4012,0.0038325090780158403,12,16,s3://psfchdf5/mw_files/v4_files/shot500_sig70.hdf5,shots,500,9.440900507997867,16.268789453002682
0.29077085300014005,264000000,9399,99.81912969464837,10,3791,97.38855183328937,73,15.665105692998623,32,0.48953455290620695,4001,0.0039152975988499435,13,16,s3://psfchdf5/mw_files/v4_files/shot500_sig70.hdf5,shots,500,9.440900507997867,16.268789453002682
0.2058650850012782,264000000,9439,99.84108486068439,8,3809,97.47965345234971,70,15.19756002899885,32,0.4749237509062141,4009,0.0037908605709650414,14,16,s3://psfchdf5/mw_files/v4_files/shot500_sig70.hdf5,shots,500,9.440900507997867,16.268789453002682
0.2091471410021768,264000000,5817,99.81089908887742,4,2338,97.6475620188195,29,9.287547650998022,20,0.4643773825499011,2481,0.003743469428052407,15,16,s3://psfchdf5/mw_files/v4_files/shot500_sig70.hdf5,shots,500,9.440900507997867,16.268789453002682
0.20369586500237347,264000000,8857,98.06932369876934,164,5234,76.02216278181123,1229,147.44359936399997,32,4.607612480124999,3992,0.03693476937975951,0,16,s3://psfchdf5/mw_files/v4_files/shot500_sig70_reorder.hdf5,shots,500,9.458267789999809,161.15539924399854
0.20119602699924144,264000000,8819,98.04966549495407,165,5123,75.8930314268983,1209,147.90282961200137,32,4.621963425375043,3975,0.03720825902188714,1,16,s3://psfchdf5/mw_files/v4_files/shot500_sig70_reorder.hdf5,shots,500,9.458267789999809,161.15539924399854
0.24661360499885632,264000000,8841,98.09976247030879,160,5179,76.36609384050975,1199,140.87140505200296,32,4.402231407875092,3993,0.03527959054645704,2,16,s3://psfchdf5/mw_files/v4_files/shot500_sig70_reorder.hdf5,shots,500,9.458267789999809,161.15539924399854
0.3723853049996251,264000000,8875,98.07323943661972,165,5107,75.73918151556687,1212,135.28183284400075,32,4.227557276375023,4001,0.033812005209697765,3,16,s3://psfchdf5/mw_files/v4_files/shot500_sig70_reorder.hdf5,shots,500,9.458267789999809,161.15539924399854
0.2046198780008126,264000000,8921,98.04954601502074,168,5141,75.56895545613695,1229,148.0183100989998,32,4.6255721905937435,4010,0.03691229678279297,4,16,s3://psfchdf5/mw_files/v4_files/shot500_sig70_reorder.hdf5,shots,500,9.458267789999809,161.15539924399854
0.221719530003611,264000000,8894,98.04362491567349,168,5103,75.26944934352342,1235,138.00447429700216,32,4.3126398217813176,3990,0.03458758754310831,5,16,s3://psfchdf5/mw_files/v4_files/shot500_sig70_reorder.hdf5,shots,500,9.458267789999809,161.15539924399854
0.20890664299804484,264000000,8866,98.00360929393187,169,5130,75.71150097465888,1221,150.53300269899773,32,4.704156334343679,3990,0.0377275695987463,6,16,s3://psfchdf5/mw_files/v4_files/shot500_sig70_reorder.hdf5,shots,500,9.458267789999809,161.15539924399854
0.20430901299914694,264000000,8892,98.06567701304544,165,5043,75.74856236367242,1197,133.03536231600083,32,4.157355072375026,4000,0.03325884057900021,7,16,s3://psfchdf5/mw_files/v4_files/shot500_sig70_reorder.hdf5,shots,500,9.458267789999809,161.15539924399854
0.33489936600017245,264000000,8863,98.11576215728309,161,5265,76.18233618233619,1227,145.37515723400065,32,4.54297366356252,3997,0.03637106760920707,8,16,s3://psfchdf5/mw_files/v4_files/shot500_sig70_reorder.hdf5,shots,500,9.458267789999809,161.15539924399854
0.2117285560016171,264000000,8793,98.06664392130104,164,5215,76.39501438159157,1204,125.61303095399853,32,3.925407217312454,3994,0.031450433388582506,9,16,s3://psfchdf5/mw_files/v4_files/shot500_sig70_reorder.hdf5,shots,500,9.458267789999809,161.15539924399854
0.30064717500135885,264000000,8907,98.12507016952958,160,5141,75.56895545613695,1230,144.954167382999,32,4.529817730718719,4005,0.03619330022047416,10,16,s3://psfchdf5/mw_files/v4_files/shot500_sig70_reorder.hdf5,shots,500,9.458267789999809,161.15539924399854
0.34275537700159475,264000000,8761,98.10523912795342,158,5164,76.1425251742835,1207,138.3301445399993,32,4.322817016874978,3972,0.034826320377643334,11,16,s3://psfchdf5/mw_files/v4_files/shot500_sig70_reorder.hdf5,shots,500,9.458267789999809,161.15539924399854
0.23387375600214,264000000,8893,98.2233217137074,150,5027,75.47244877660633,1208,150.9746528479991,32,4.717957901499972,4001,0.03773422965458613,12,16,s3://psfchdf5/mw_files/v4_files/shot500_sig70_reorder.hdf5,shots,500,9.458267789999809,161.15539924399854
0.21187385500161326,264000000,8861,98.18304931723281,155,5051,75.19303108295387,1226,127.74548828300249,32,3.9920465088438277,3991,0.032008390950388994,13,16,s3://psfchdf5/mw_files/v4_files/shot500_sig70_reorder.hdf5,shots,500,9.458267789999809,161.15539924399854
0.2705352960001619,264000000,8869,98.10576164167324,162,5134,75.92520451889365,1209,160.6573483760003,32,5.020542136750009,3993,0.04023474790283003,14,16,s3://psfchdf5/mw_files/v4_files/shot500_sig70_reorder.hdf5,shots,500,9.458267789999809,161.15539924399854
0.3203629039999214,264000000,5574,98.18801578758521,95,3187,75.11766551615939,766,96.50180266000098,20,4.825090133000049,2501,0.038585286949220705,15,16,s3://psfchdf5/mw_files/v4_files/shot500_sig70_reorder.hdf5,shots,500,9.458267789999809,161.15539924399854
